10 mV/s,,,20 mV/s,,,50 mV/s,,,100 mV/s,
電位,電流,,電位,電流,,電位,電流,,電位,電流
0.000644091,5.09175E-09,,0.000937535,9.63553E-09,,0.001999311,2.34542E-08,,0.003842183,4.64512E-08
0.00158859,5.29417E-09,,0.00304072,1.00837E-08,,0.007127605,2.42769E-08,,0.013943386,4.78082E-08
0.002612605,5.2958E-09,,0.004942719,1.0003E-08,,0.012141358,2.42651E-08,,0.024052285,4.80144E-08
0.003607162,5.3132E-09,,0.006981147,1.00337E-08,,0.017078476,2.42522E-08,,0.033962995,4.79965E-08
0.004632391,5.28838E-09,,0.008956634,1.00089E-08,,0.022088019,2.43035E-08,,0.043983389,4.80163E-08
0.005595936,5.2945E-09,,0.010938069,1.00619E-08,,0.027113698,2.43293E-08,,0.053924054,4.80159E-08
0.006578782,5.27981E-09,,0.012921131,9.97892E-09,,0.032094214,2.42928E-08,,0.063969105,4.80007E-08
0.007625282,5.31528E-09,,0.014938517,1.00445E-08,,0.037048612,2.42797E-08,,0.073956937,4.8027E-08
0.008572232,5.24414E-09,,0.01698295,1.00603E-08,,0.042086001,2.43113E-08,,0.08392261,4.80227E-08
0.009608904,5.3389E-09,,0.018964546,1.00716E-08,,0.047126006,2.43251E-08,,0.093950376,4.80401E-08
0.010630247,5.30655E-09,,0.020973245,1.00506E-08,,0.052070022,2.42779E-08,,0.103900902,4.80448E-08
0.011636489,5.34163E-09,,0.022968078,1.00656E-08,,0.057083648,2.4298E-08,,0.113965616,4.80739E-08
0.012602472,5.31541E-09,,0.025011593,1.00455E-08,,0.062140826,2.43114E-08,,0.124047279,4.80736E-08
0.013600805,5.32176E-09,,0.026988108,1.00903E-08,,0.067060933,2.43113E-08,,0.133871883,4.79831E-08
0.014637104,5.32069E-09,,0.028946949,1.0035E-08,,0.072037578,2.42836E-08,,0.143965736,4.80697E-08
0.015569318,5.29302E-09,,0.03096031,1.00707E-08,,0.077105001,2.42837E-08,,0.15382345,4.8018E-08
0.01662604,5.28089E-09,,0.032941714,1.00167E-08,,0.082131073,2.43797E-08,,0.16393809,4.80665E-08
0.017600277,5.2989E-09,,0.034940239,1.0031E-08,,0.086999603,2.42852E-08,,0.173920587,4.8097E-08
0.018606238,5.27338E-09,,0.03693616,1.004E-08,,0.092098512,2.4302E-08,,0.183985233,4.81018E-08
0.019626735,5.33751E-09,,0.038960524,1.00664E-08,,0.097059987,2.42991E-08,,0.193924785,4.80752E-08
0.020585105,5.28448E-09,,0.041005943,1.0071E-08,,0.102112263,2.43395E-08,,0.203998283,4.81071E-08
0.02161061,5.30785E-09,,0.04301947,1.00905E-08,,0.107094213,2.43487E-08,,0.213893726,4.80532E-08
0.022561023,5.27026E-09,,0.044964056,1.00489E-08,,0.112100095,2.43139E-08,,0.224005774,4.8137E-08
0.023606751,5.31475E-09,,0.04697812,1.00917E-08,,0.117057331,2.42795E-08,,0.233920962,4.80667E-08
0.024608936,5.25789E-09,,0.04895065,1.00289E-08,,0.12208923,2.43288E-08,,0.243934602,4.80856E-08
0.025621373,5.3204E-09,,0.050970189,1.0058E-08,,0.12707828,2.43452E-08,,0.253899723,4.80881E-08
0.026589861,5.29048E-09,,0.052947946,1.00438E-08,,0.132036492,2.42824E-08,,0.263920665,4.81002E-08
0.027628308,5.30925E-09,,0.055008683,1.01016E-08,,0.137109205,2.42818E-08,,0.274035305,4.81667E-08
0.028597713,5.26806E-09,,0.056988094,1.00582E-08,,0.142067537,2.43068E-08,,0.28398785,4.81016E-08
0.029602319,5.32894E-09,,0.059016887,1.00976E-08,,0.147120923,2.43943E-08,,0.293996751,4.81521E-08
0.030588455,5.30065E-09,,0.060993832,1.00691E-08,,0.152093768,2.43085E-08,,0.303952634,4.81056E-08
0.031593125,5.30196E-09,,0.062990762,1.00574E-08,,0.157042325,2.42905E-08,,0.313892037,4.80951E-08
0.032593735,5.26256E-09,,0.065018915,1.00746E-08,,0.162097663,2.43563E-08,,0.32387954,4.80468E-08
0.033603523,5.30765E-09,,0.066973552,1.0051E-08,,0.167133793,2.43635E-08,,0.333986193,4.81219E-08
0.034617472,5.30256E-09,,0.069008537,1.00946E-08,,0.172117427,2.43159E-08,,0.343876898,4.80418E-08
0.035587706,5.30402E-09,,0.070970446,1.00557E-08,,0.177139804,2.43155E-08,,0.353987992,4.81364E-08
0.036621023,5.2997E-09,,0.072988853,1.0061E-08,,0.182125911,2.43423E-08,,0.363934517,4.81035E-08
0.037599292,5.32132E-09,,0.075000562,1.00875E-08,,0.187096938,2.43373E-08,,0.373987824,4.8155E-08
0.038601533,5.29216E-09,,0.07695435,1.00287E-08,,0.192067891,2.43206E-08,,0.383911431,4.80825E-08
0.039614093,5.31863E-09,,0.078965239,1.00504E-08,,0.197062626,2.4321E-08,,0.394068658,4.82124E-08
0.040629875,5.29239E-09,,0.080998927,1.00754E-08,,0.202085987,2.43172E-08,,0.403906316,4.80722E-08
0.041588899,5.29084E-09,,0.082969397,1.00649E-08,,0.207170844,2.4402E-08,,0.413981795,4.81298E-08
0.042606555,5.29475E-09,,0.084977791,1.00307E-08,,0.212155432,2.43467E-08,,0.424015194,4.81412E-08
0.043622173,5.32703E-09,,0.087031871,1.00948E-08,,0.217123181,2.43343E-08,,0.433981717,4.81219E-08
0.044607043,5.2752E-09,,0.089031555,1.00853E-08,,0.222188205,2.43716E-08,,0.443962216,4.80633E-08
0.045603674,5.32968E-09,,0.090972066,1.00767E-08,,0.227132112,2.43572E-08,,0.453996271,4.81428E-08
0.046606828,5.30684E-09,,0.092963479,1.0048E-08,,0.232091963,2.43271E-08,,0.464040279,4.81252E-08
0.047572449,5.28647E-09,,0.095014997,1.01233E-08,,0.237120539,2.42937E-08,,0.473979771,4.80968E-08
0.048686974,5.3107E-09,,0.097020634,1.0056E-08,,0.242252439,2.44128E-08,,0.484002143,4.81083E-08
0.049640309,5.33156E-09,,0.099012107,1.00744E-08,,0.247191861,2.44019E-08,,0.494054735,4.81426E-08
0.050608624,5.2918E-09,,0.101011463,1.00784E-08,,0.25207901,2.42991E-08,,0.496796161,-4.37631E-08
0.051600523,5.30855E-09,,0.102986798,1.00971E-08,,0.257141531,2.43373E-08,,0.486676514,-4.64753E-08
0.052570388,5.26385E-09,,0.105009727,1.00673E-08,,0.26216346,2.43671E-08,,0.476742387,-4.66599E-08
0.05361291,5.31762E-09,,0.106952593,1.00506E-08,,0.267145216,2.43511E-08,,0.466727465,-4.67328E-08
0.054592956,5.28594E-09,,0.108982496,1.00527E-08,,0.272147357,2.43466E-08,,0.456903756,-4.66682E-08
0.055589076,5.28721E-09,,0.110972874,1.00411E-08,,0.277210921,2.43784E-08,,0.446680307,-4.68157E-08
0.056630399,5.2879E-09,,0.112990588,1.00375E-08,,0.282127857,2.43509E-08,,0.436909556,-4.67027E-08
0.057598732,5.30697E-09,,0.114969067,1.00821E-08,,0.287139982,2.43389E-08,,0.426573157,-4.69626E-08
0.058612194,5.25279E-09,,0.116952151,1.00269E-08,,0.292090595,2.42991E-08,,0.416782022,-4.6855E-08
0.059614047,5.29829E-09,,0.118958265,1.00387E-08,,0.297159791,2.43706E-08,,0.407004803,-4.67048E-08
0.060591668,5.26707E-09,,0.121020459,1.00871E-08,,0.302143037,2.43725E-08,,0.396613002,-4.6935E-08
0.061663013,5.35958E-09,,0.12302129,1.00831E-08,,0.307108402,2.43391E-08,,0.386971354,-4.67261E-08
0.06257502,5.27129E-09,,0.124940358,9.98852E-09,,0.312149286,2.433E-08,,0.376938045,-4.67228E-08
0.063613109,5.31498E-09,,0.127012849,1.00906E-08,,0.317115605,2.4299E-08,,0.366792321,-4.68173E-08
0.064624876,5.26485E-09,,0.128994763,1.00024E-08,,0.322121114,2.43557E-08,,0.356734693,-4.68891E-08
0.065634087,5.30445E-09,,0.13100405,1.00908E-08,,0.3271963,2.43936E-08,,0.34689495,-4.67658E-08
0.066623904,5.3099E-09,,0.133037478,1.00876E-08,,0.332162112,2.43487E-08,,0.336774766,-4.68517E-08
0.067633934,5.33163E-09,,0.135007769,1.00481E-08,,0.337118715,2.43277E-08,,0.326800019,-4.68342E-08
0.068612494,5.28262E-09,,0.136984155,1.00127E-08,,0.342210025,2.43767E-08,,0.316780448,-4.68494E-08
0.069658339,5.34634E-09,,0.138960317,1.0066E-08,,0.347145587,2.43769E-08,,0.30675,-4.68507E-08
0.07063175,5.27991E-09,,0.140951231,1.00045E-08,,0.352189243,2.43414E-08,,0.29671675,-4.69492E-08
0.071637377,5.32742E-09,,0.143015191,1.00712E-08,,0.357301354,2.44248E-08,,0.286648571,-4.69522E-08
0.072641097,5.30723E-09,,0.144951403,1.00224E-08,,0.362164676,2.43513E-08,,0.276727945,-4.69063E-08
0.073635019,5.30822E-09,,0.147059739,1.01217E-08,,0.367190808,2.43583E-08,,0.266723156,-4.69167E-08
0.074643977,5.29122E-09,,0.148979351,1.00186E-08,,0.372194618,2.43426E-08,,0.256722361,-4.69358E-08
0.075640999,5.32383E-09,,0.151053339,1.01074E-08,,0.37713778,2.429E-08,,0.246729255,-4.68886E-08
0.07659319,5.23197E-09,,0.153015286,1.00373E-08,,0.382143319,2.43608E-08,,0.236743614,-4.69127E-08
0.077639922,5.32476E-09,,0.154991955,1.00588E-08,,0.387186617,2.4364E-08,,0.226681501,-4.69289E-08
0.078621194,5.27429E-09,,0.156992778,1.00311E-08,,0.392162323,2.4331E-08,,0.216697365,-4.69259E-08
0.079612069,5.30313E-09,,0.159002468,1.00684E-08,,0.397223592,2.43628E-08,,0.206658527,-4.69477E-08
0.080620654,5.26537E-09,,0.161015123,1.00628E-08,,0.402177274,2.43489E-08,,0.196640939,-4.69492E-08
0.081600077,5.29858E-09,,0.163039565,1.00812E-08,,0.407176226,2.43786E-08,,0.186635822,-4.694E-08
0.08262486,5.31459E-09,,0.165022671,1.00544E-08,,0.412151784,2.42976E-08,,0.176732302,-4.68871E-08
0.083615117,5.32045E-09,,0.167046025,1.0111E-08,,0.417199701,2.43642E-08,,0.16666466,-4.69342E-08
0.084618106,5.26824E-09,,0.169016242,1.0044E-08,,0.422235638,2.43954E-08,,0.156678468,-4.69216E-08
0.085628264,5.33297E-09,,0.171055153,1.00892E-08,,0.427219421,2.43624E-08,,0.146705031,-4.69253E-08
0.086615384,5.26577E-09,,0.173043862,1.00694E-08,,0.432207555,2.43885E-08,,0.136706367,-4.69375E-08
0.087600224,5.29211E-09,,0.175018936,1.00853E-08,,0.437184721,2.43286E-08,,0.126682013,-4.68989E-08
0.088673413,5.31493E-09,,0.177029476,1.00872E-08,,0.442163944,2.43462E-08,,0.11665491,-4.69637E-08
0.08962363,5.32805E-09,,0.179021671,1.00903E-08,,0.447189808,2.43788E-08,,0.106674969,-4.69228E-08
0.090606324,5.28945E-09,,0.181049198,1.00736E-08,,0.45220086,2.43617E-08,,0.096670024,-4.69466E-08
0.091576159,5.26544E-09,,0.183037698,1.00601E-08,,0.457169592,2.43114E-08,,0.086637303,-4.69474E-08
0.092607692,5.25423E-09,,0.185034797,1.00756E-08,,0.4622747,2.43857E-08,,0.076678336,-4.69144E-08
0.093656175,5.33714E-09,,0.18700999,1.00747E-08,,0.467142791,2.43238E-08,,0.066933423,-4.67754E-08
0.094603464,5.25355E-09,,0.189037442,1.00607E-08,,0.472230047,2.43632E-08,,0.056650914,-4.69344E-08
0.095644057,5.35818E-09,,0.191017747,1.00808E-08,,0.477235943,2.43472E-08,,0.046679366,-4.69135E-08
0.096650749,5.31504E-09,,0.193021506,1.00274E-08,,0.482297957,2.44102E-08,,0.036633477,-4.69349E-08
0.097667523,5.33917E-09,,0.195047125,1.01204E-08,,0.48721382,2.43721E-08,,0.026600847,-4.69665E-08
0.098627269,5.28814E-09,,0.197021052,1.00673E-08,,0.492180914,2.43395E-08,,0.016631819,-4.6991E-08
0.099596836,5.31168E-09,,0.199022919,1.01048E-08,,0.497241914,2.43239E-08,,0.006604864,-4.69723E-08
0.100651681,5.28694E-09,,0.2010158,1.00121E-08,,0.498642743,-2.16394E-08,,,
0.101624623,5.31169E-09,,0.203116328,1.01287E-08,,0.493521541,-2.29469E-08,,,
0.102610417,5.24664E-09,,0.205060303,1.00584E-08,,0.488583088,-2.30075E-08,,,
0.103650324,5.34545E-09,,0.207047537,1.00848E-08,,0.483563691,-2.30517E-08,,,
0.10464111,5.31063E-09,,0.209022,1.00087E-08,,0.478585243,-2.3093E-08,,,
0.10559877,5.29071E-09,,0.21104835,1.01063E-08,,0.473554134,-2.31233E-08,,,
0.106622852,5.30469E-09,,0.213053539,1.00781E-08,,0.468584597,-2.30981E-08,,,
0.1075655,5.26771E-09,,0.215003714,1.0078E-08,,0.463591963,-2.31213E-08,,,
0.108656265,5.25701E-09,,0.217067376,1.00727E-08,,0.458573937,-2.3129E-08,,,
0.109621689,5.31209E-09,,0.219048187,1.0088E-08,,0.45357573,-2.31378E-08,,,
0.110654049,5.2854E-09,,0.221015707,1.0048E-08,,0.448560268,-2.31119E-08,,,
0.111633658,5.32602E-09,,0.223023996,1.00677E-08,,0.44352603,-2.3168E-08,,,
0.112667918,5.30983E-09,,0.225062728,1.00327E-08,,0.438636571,-2.31293E-08,,,
0.113640197,5.33186E-09,,0.227030367,1.006E-08,,0.433619857,-2.31165E-08,,,
0.114629343,5.29006E-09,,0.229058772,1.00548E-08,,0.42859742,-2.30958E-08,,,
0.115680054,5.33202E-09,,0.231057391,1.00701E-08,,0.423554748,-2.31442E-08,,,
0.116628982,5.23296E-09,,0.23305288,1.00577E-08,,0.418588758,-2.31503E-08,,,
0.117671274,5.3419E-09,,0.23501341,1.00704E-08,,0.413561046,-2.31698E-08,,,
0.118623704,5.27106E-09,,0.237064913,1.0069E-08,,0.408555239,-2.31426E-08,,,
0.119643293,5.30009E-09,,0.239085823,1.01057E-08,,0.403578639,-2.31652E-08,,,
0.120681822,5.28205E-09,,0.241057083,1.0037E-08,,0.398524076,-2.3202E-08,,,
0.121617019,5.31748E-09,,0.24308677,1.00842E-08,,0.393578649,-2.31716E-08,,,
0.122606523,5.28452E-09,,0.245069578,1.00562E-08,,0.388593256,-2.31146E-08,,,
0.123644926,5.32786E-09,,0.24704504,1.01014E-08,,0.383609056,-2.31301E-08,,,
0.124639787,5.25584E-09,,0.249072939,1.00648E-08,,0.378583819,-2.31353E-08,,,
0.125638738,5.33622E-09,,0.251089782,1.01063E-08,,0.373551071,-2.31442E-08,,,
0.126617581,5.28852E-09,,0.253074855,1.00502E-08,,0.368611783,-2.3108E-08,,,
0.127607912,5.32771E-09,,0.255055457,1.00947E-08,,0.36360395,-2.31526E-08,,,
0.12861456,5.23129E-09,,0.257109374,1.00976E-08,,0.358603179,-2.31615E-08,,,
0.129603758,5.31099E-09,,0.259060949,1.00756E-08,,0.353581369,-2.31713E-08,,,
0.130647838,5.28901E-09,,0.261095613,1.00587E-08,,0.348586977,-2.3112E-08,,,
0.131637111,5.31073E-09,,0.2630454,1.00721E-08,,0.343565196,-2.31534E-08,,,
0.13262096,5.24181E-09,,0.265061021,1.00897E-08,,0.33856371,-2.32144E-08,,,
0.133655608,5.28514E-09,,0.267062008,1.00683E-08,,0.33356908,-2.31246E-08,,,
0.13467592,5.32664E-09,,0.269085586,1.00698E-08,,0.328613192,-2.31414E-08,,,
0.135683969,5.32367E-09,,0.271082133,1.00901E-08,,0.323657334,-2.30895E-08,,,
0.136618599,5.28188E-09,,0.273129284,1.01099E-08,,0.318602413,-2.31354E-08,,,
0.137624547,5.35231E-09,,0.275087655,1.00822E-08,,0.313539535,-2.31479E-08,,,
0.138661936,5.30812E-09,,0.277146965,1.01009E-08,,0.308538646,-2.31804E-08,,,
0.139674619,5.34151E-09,,0.279056221,1.00575E-08,,0.303545892,-2.3178E-08,,,
0.140629396,5.23725E-09,,0.281109273,1.01204E-08,,0.298550993,-2.32026E-08,,,
0.141592234,5.28941E-09,,0.283079565,1.00759E-08,,0.293559253,-2.31967E-08,,,
0.142683104,5.30196E-09,,0.285093158,1.00597E-08,,0.288520753,-2.32165E-08,,,
0.143628716,5.29177E-09,,0.287069678,1.00781E-08,,0.2835581,-2.31239E-08,,,
0.144613042,5.26903E-09,,0.289086908,1.00876E-08,,0.278544575,-2.31636E-08,,,
0.145605132,5.25267E-09,,0.291040182,1.00798E-08,,0.273554921,-2.31948E-08,,,
0.146567836,5.26184E-09,,0.293055087,1.00539E-08,,0.26850459,-2.31968E-08,,,
0.14763996,5.33261E-09,,0.295099527,1.01246E-08,,0.263548851,-2.31624E-08,,,
0.148671731,5.27442E-09,,0.297075391,1.00493E-08,,0.258530438,-2.31988E-08,,,
0.149603769,5.25564E-09,,0.299107611,1.00938E-08,,0.253463149,-2.32248E-08,,,
0.150635883,5.28522E-09,,0.301030219,1.00381E-08,,0.248508886,-2.31499E-08,,,
0.151665553,5.37428E-09,,0.303067476,1.00942E-08,,0.243563369,-2.31494E-08,,,
0.152669355,5.27969E-09,,0.305129379,1.01068E-08,,0.238598153,-2.31687E-08,,,
0.153647348,5.31812E-09,,0.307082325,1.00766E-08,,0.233504102,-2.31429E-08,,,
0.154657021,5.28581E-09,,0.309176594,1.00984E-08,,0.228507251,-2.3167E-08,,,
0.155626819,5.32992E-09,,0.31109938,1.00788E-08,,0.223505035,-2.31885E-08,,,
0.156627804,5.1916E-09,,0.313119888,1.00835E-08,,0.218588218,-2.31348E-08,,,
0.157751888,5.34989E-09,,0.315052062,1.0069E-08,,0.213479504,-2.31865E-08,,,
0.158485889,5.1743E-09,,0.317081243,1.00323E-08,,0.208539039,-2.31573E-08,,,
0.159778789,5.36281E-09,,0.319121003,1.01114E-08,,0.203478366,-2.32078E-08,,,
0.160581425,5.1999E-09,,0.321118534,1.00924E-08,,0.198538512,-2.31909E-08,,,
0.161676764,5.32648E-09,,0.323076457,1.01118E-08,,0.193506524,-2.3167E-08,,,
0.162637249,5.25254E-09,,0.325044423,1.00289E-08,,0.188565597,-2.31099E-08,,,
0.163661882,5.35302E-09,,0.327115327,1.01036E-08,,0.18338874,-2.32726E-08,,,
0.164761737,5.35388E-09,,0.329101533,1.00729E-08,,0.178478062,-2.32416E-08,,,
0.165670291,5.34817E-09,,0.331061542,1.00906E-08,,0.173487812,-2.31725E-08,,,
0.16669184,5.33218E-09,,0.333120227,1.01051E-08,,0.168505058,-2.31547E-08,,,
0.16767478,5.32796E-09,,0.335070908,1.00483E-08,,0.1635461,-2.31584E-08,,,
0.16865541,5.27351E-09,,0.337102532,1.00953E-08,,0.158583924,-2.31279E-08,,,
0.169645667,5.29339E-09,,0.339105964,1.00974E-08,,0.153503388,-2.31562E-08,,,
0.170692608,5.33896E-09,,0.341058165,1.00369E-08,,0.148569241,-2.3113E-08,,,
0.171674818,5.31672E-09,,0.343100995,1.01175E-08,,0.14349176,-2.31824E-08,,,
0.172620982,5.26701E-09,,0.345113426,1.00626E-08,,0.138473034,-2.32223E-08,,,
0.17368564,5.34091E-09,,0.347131222,1.00991E-08,,0.13347815,-2.31953E-08,,,
0.17466256,5.27416E-09,,0.349095047,1.00538E-08,,0.128457323,-2.31975E-08,,,
0.175666824,5.33849E-09,,0.351138443,1.01283E-08,,0.123460017,-2.31718E-08,,,
0.176632285,5.25734E-09,,0.353101045,1.00697E-08,,0.118440285,-2.32025E-08,,,
0.17768392,5.33722E-09,,0.355093181,1.00728E-08,,0.113525957,-2.31603E-08,,,
0.178639486,5.28772E-09,,0.357121587,1.00786E-08,,0.108477697,-2.31735E-08,,,
0.179705411,5.36572E-09,,0.359085381,1.00893E-08,,0.103521176,-2.31803E-08,,,
0.180669352,5.26819E-09,,0.361111045,1.00726E-08,,0.098462574,-2.32107E-08,,,
0.181698248,5.31702E-09,,0.363126814,1.00987E-08,,0.0934752,-2.31905E-08,,,
0.182684734,5.30676E-09,,0.365040541,1.00362E-08,,0.088498294,-2.31339E-08,,,
0.183661848,5.34736E-09,,0.36714673,1.01291E-08,,0.083499342,-2.31935E-08,,,
0.184669629,5.26502E-09,,0.369093001,1.00791E-08,,0.078450076,-2.32279E-08,,,
0.185701117,5.35087E-09,,0.37109068,1.00784E-08,,0.073472202,-2.3203E-08,,,
0.186653495,5.28404E-09,,0.373114139,1.00764E-08,,0.068451159,-2.321E-08,,,
0.187719613,5.37291E-09,,0.375112116,1.01024E-08,,0.063413635,-2.32281E-08,,,
0.188693196,5.28187E-09,,0.37710771,1.00538E-08,,0.058414329,-2.32502E-08,,,
0.189665452,5.33966E-09,,0.379078388,1.00493E-08,,0.053460248,-2.319E-08,,,
0.190664083,5.30139E-09,,0.381069809,1.00465E-08,,0.048454862,-2.3197E-08,,,
0.191693485,5.35632E-09,,0.383081645,1.00922E-08,,0.043528799,-2.31194E-08,,,
0.192678019,5.2949E-09,,0.385114998,1.00542E-08,,0.038434539,-2.32071E-08,,,
0.193647549,5.2952E-09,,0.387039959,1.00454E-08,,0.033450782,-2.32357E-08,,,
0.194657579,5.28806E-09,,0.389153063,1.00821E-08,,0.028506588,-2.31178E-08,,,
0.1956321,5.28142E-09,,0.391071796,1.00623E-08,,0.023477748,-2.32072E-08,,,
0.196715891,5.30029E-09,,0.393150747,1.00845E-08,,0.018443676,-2.32253E-08,,,
0.197654903,5.30376E-09,,0.395082027,1.00737E-08,,0.013433373,-2.32036E-08,,,
0.198666498,5.2923E-09,,0.39710021,1.00752E-08,,0.008427454,-2.32082E-08,,,
0.199707091,5.35214E-09,,0.399106532,1.01096E-08,,0.003412648,-2.32304E-08,,,
0.200665027,5.26334E-09,,0.401093096,1.00292E-08,,,,,,
0.201693371,5.32536E-09,,0.403114974,1.01213E-08,,,,,,
0.20270896,5.33609E-09,,0.405076593,1.00116E-08,,,,,,
0.203693509,5.33845E-09,,0.40709427,1.00636E-08,,,,,,
0.204676896,5.27628E-09,,0.409140438,1.00899E-08,,,,,,
0.205657989,5.30338E-09,,0.411164731,1.00997E-08,,,,,,
0.206660032,5.29001E-09,,0.413133383,1.00598E-08,,,,,,
0.207677364,5.34327E-09,,0.41511929,1.00721E-08,,,,,,
0.20865728,5.27976E-09,,0.417114228,1.00524E-08,,,,,,
0.209681436,5.33732E-09,,0.419079572,1.00564E-08,,,,,,
0.210707009,5.31546E-09,,0.421103239,1.0059E-08,,,,,,
0.211681783,5.32739E-09,,0.423106641,1.00918E-08,,,,,,
0.212677822,5.28243E-09,,0.42513296,1.00491E-08,,,,,,
0.213659123,5.31782E-09,,0.42713064,1.00772E-08,,,,,,
0.214703947,5.32893E-09,,0.42914778,1.00683E-08,,,,,,
0.215706527,5.33008E-09,,0.431117237,1.00604E-08,,,,,,
0.21668762,5.29895E-09,,0.433101714,1.00107E-08,,,,,,
0.217631117,5.31114E-09,,0.435138911,1.00805E-08,,,,,,
0.218708917,5.31174E-09,,0.437155575,1.00743E-08,,,,,,
0.21967712,5.34613E-09,,0.439173073,1.00882E-08,,,,,,
0.220685169,5.29617E-09,,0.441111386,1.00199E-08,,,,,,
0.221716687,5.34329E-09,,0.443125218,1.00745E-08,,,,,,
0.222673759,5.28353E-09,,0.4450984,1.00437E-08,,,,,,
0.223660305,5.35621E-09,,0.447192073,1.00929E-08,,,,,,
0.224674955,5.23247E-09,,0.449159235,1.00503E-08,,,,,,
0.225683734,5.31373E-09,,0.451155275,1.00847E-08,,,,,,
0.226692796,5.32609E-09,,0.453140974,1.00527E-08,,,,,,
0.227671191,5.31837E-09,,0.455130607,1.00741E-08,,,,,,
0.228701293,5.26468E-09,,0.45716247,1.00508E-08,,,,,,
0.22969088,5.32546E-09,,0.459119916,1.00608E-08,,,,,,
0.230686024,5.27475E-09,,0.461146951,1.00384E-08,,,,,,
0.231689364,5.34352E-09,,0.463190496,1.01108E-08,,,,,,
0.232694775,5.27834E-09,,0.465221465,1.00845E-08,,,,,,
0.233677432,5.30588E-09,,0.467088968,1.00501E-08,,,,,,
0.234709352,5.30619E-09,,0.469177514,1.01008E-08,,,,,,
0.235722244,5.33748E-09,,0.471177608,1.0085E-08,,,,,,
0.236725479,5.29972E-09,,0.47314772,1.00405E-08,,,,,,
0.237684131,5.30691E-09,,0.475151747,1.00703E-08,,,,,,
0.23868899,5.28965E-09,,0.477198035,1.01049E-08,,,,,,
0.239702076,5.32708E-09,,0.479218632,1.01295E-08,,,,,,
0.240719676,5.2724E-09,,0.481199205,1.00728E-08,,,,,,
0.24166289,5.27583E-09,,0.483151823,1.00517E-08,,,,,,
0.242662162,5.25796E-09,,0.485147566,1.0066E-08,,,,,,
0.243718415,5.3429E-09,,0.487160504,1.00752E-08,,,,,,
0.244722754,5.28463E-09,,0.489222944,1.00825E-08,,,,,,
0.24568744,5.31359E-09,,0.491182417,1.01097E-08,,,,,,
0.246718481,5.35114E-09,,0.493151933,1.00395E-08,,,,,,
0.247734979,5.37683E-09,,0.495169878,1.00813E-08,,,,,,
0.24869968,5.26389E-09,,0.497166485,1.00356E-08,,,,,,
0.249721155,5.34977E-09,,0.499158949,1.00751E-08,,,,,,
0.250765026,5.35175E-09,,0.4997949,-8.28378E-09,,,,,,
0.251695305,5.34987E-09,,0.497660846,-8.859E-09,,,,,,
0.252748221,5.29783E-09,,0.495605677,-8.97513E-09,,,,,,
0.253688842,5.31011E-09,,0.49354583,-9.02038E-09,,,,,,
0.25466904,5.27251E-09,,0.49174282,-8.8896E-09,,,,,,
0.255709559,5.36687E-09,,0.489835083,-8.83763E-09,,,,,,
0.256706357,5.27619E-09,,0.487710238,-8.92388E-09,,,,,,
0.257676005,5.31988E-09,,0.485695243,-8.92029E-09,,,,,,
0.258707345,5.32634E-09,,0.483768374,-8.92765E-09,,,,,,
0.259678751,5.34727E-09,,0.481715351,-8.91643E-09,,,,,,
0.260726035,5.34115E-09,,0.479727685,-8.92028E-09,,,,,,
0.261686355,5.31586E-09,,0.477782786,-8.86798E-09,,,,,,
0.262695283,5.25986E-09,,0.475731999,-8.91836E-09,,,,,,
0.263670325,5.34078E-09,,0.473669171,-8.96873E-09,,,,,,
0.264710873,5.34239E-09,,0.471786082,-8.88496E-09,,,,,,
0.265729994,5.34904E-09,,0.469701737,-8.93884E-09,,,,,,
0.266707748,5.3273E-09,,0.467677504,-8.94134E-09,,,,,,
0.267719418,5.3248E-09,,0.465814412,-8.87504E-09,,,,,,
0.268746674,5.26633E-09,,0.463748246,-8.93087E-09,,,,,,
0.269740343,5.34955E-09,,0.461667776,-8.93781E-09,,,,,,
0.270728201,5.31821E-09,,0.459739387,-8.92254E-09,,,,,,
0.2717309,5.33075E-09,,0.457792282,-8.87928E-09,,,,,,
0.272711277,5.29281E-09,,0.455713838,-8.95996E-09,,,,,,
0.273712188,5.32692E-09,,0.453599423,-8.97632E-09,,,,,,
0.27472356,5.32395E-09,,0.451678663,-8.94817E-09,,,,,,
0.275701821,5.32366E-09,,0.449686676,-8.93369E-09,,,,,,
0.276724815,5.28114E-09,,0.447659999,-8.97158E-09,,,,,,
0.277752638,5.33299E-09,,0.445666552,-8.93549E-09,,,,,,
0.278724104,5.299E-09,,0.443800956,-8.8806E-09,,,,,,
0.279747635,5.3395E-09,,0.441733301,-8.92452E-09,,,,,,
0.280689389,5.27093E-09,,0.439697355,-8.93601E-09,,,,,,
0.281740814,5.3699E-09,,0.437711477,-8.91782E-09,,,,,,
0.282726854,5.29145E-09,,0.435598254,-8.97472E-09,,,,,,
0.28370598,5.31975E-09,,0.433691353,-8.9459E-09,,,,,,
0.284770668,5.31477E-09,,0.431771845,-8.91325E-09,,,,,,
0.285743177,5.37036E-09,,0.429812819,-8.87892E-09,,,,,,
0.286708862,5.27946E-09,,0.42769891,-8.93989E-09,,,,,,
0.287691712,5.31264E-09,,0.425577819,-9.03633E-09,,,,,,
0.288778245,5.33245E-09,,0.423686922,-8.94522E-09,,,,,,
0.289739549,5.3388E-09,,0.421698332,-8.902E-09,,,,,,
0.290694445,5.27788E-09,,0.419688016,-8.93787E-09,,,,,,
0.291687906,5.29474E-09,,0.417629331,-8.99034E-09,,,,,,
0.29273048,5.29617E-09,,0.415710509,-8.97593E-09,,,,,,
0.293769419,5.37664E-09,,0.413743049,-8.90981E-09,,,,,,
0.294711471,5.31346E-09,,0.411708832,-8.93547E-09,,,,,,
0.295698494,5.31154E-09,,0.409647077,-8.95742E-09,,,,,,
0.296658605,5.26346E-09,,0.407621294,-9.02142E-09,,,,,,
0.297703028,5.31673E-09,,0.405707359,-8.89207E-09,,,,,,
0.298745185,5.30792E-09,,0.403664201,-8.93287E-09,,,,,,
0.299732596,5.33949E-09,,0.401606351,-8.9905E-09,,,,,,
0.300803095,5.3026E-09,,0.399743915,-8.93758E-09,,,,,,
0.30170843,5.33643E-09,,0.397687912,-8.91999E-09,,,,,,
0.302758694,5.31299E-09,,0.395607084,-8.95677E-09,,,,,,
0.303756982,5.35468E-09,,0.393715739,-8.91305E-09,,,,,,
0.304741681,5.30079E-09,,0.391707718,-8.97526E-09,,,,,,
0.305802703,5.37101E-09,,0.389704615,-8.91536E-09,,,,,,
0.306796432,5.34206E-09,,0.387709022,-8.92228E-09,,,,,,
0.3076998,5.32525E-09,,0.385697186,-8.95415E-09,,,,,,
0.308731496,5.2943E-09,,0.383697242,-8.94289E-09,,,,,,
0.309709966,5.30806E-09,,0.381620586,-8.98241E-09,,,,,,
0.310699493,5.30311E-09,,0.379694551,-8.93435E-09,,,,,,
0.311756223,5.3591E-09,,0.37766093,-8.96101E-09,,,,,,
0.312745482,5.31126E-09,,0.375687897,-8.95422E-09,,,,,,
0.313734025,5.3154E-09,,0.373630822,-8.9592E-09,,,,,,
0.31456846,5.22713E-09,,0.371724635,-8.91529E-09,,,,,,
0.315753162,5.33931E-09,,0.369638354,-8.94406E-09,,,,,,
0.316709399,5.30329E-09,,0.367610812,-8.97198E-09,,,,,,
0.317727119,5.34373E-09,,0.365701318,-8.94757E-09,,,,,,
0.318731129,5.28863E-09,,0.36368075,-8.93127E-09,,,,,,
0.319707751,5.32935E-09,,0.361662179,-8.95528E-09,,,,,,
0.320704818,5.26689E-09,,0.35973829,-8.91673E-09,,,,,,
0.321749657,5.32703E-09,,0.35766989,-8.93004E-09,,,,,,
0.322754771,5.30488E-09,,0.355681062,-8.91735E-09,,,,,,
0.323721051,5.33214E-09,,0.353669792,-8.93514E-09,,,,,,
0.324765563,5.30564E-09,,0.351647913,-8.97021E-09,,,,,,
0.325755686,5.37681E-09,,0.349656314,-8.93667E-09,,,,,,
0.326721668,5.28582E-09,,0.347688407,-8.9227E-09,,,,,,
0.327733755,5.31946E-09,,0.345614016,-8.98648E-09,,,,,,
0.328733891,5.26232E-09,,0.343650132,-8.9628E-09,,,,,,
0.329724908,5.33637E-09,,0.341632307,-8.9649E-09,,,,,,
0.330704927,5.28028E-09,,0.339734226,-8.92523E-09,,,,,,
0.331716269,5.30592E-09,,0.337686568,-8.95384E-09,,,,,,
0.332740128,5.27031E-09,,0.335555911,-8.99697E-09,,,,,,
0.333760917,5.34254E-09,,0.333590269,-8.97625E-09,,,,,,
0.334733844,5.31166E-09,,0.331609577,-8.97982E-09,,,,,,
0.335752875,5.33722E-09,,0.329704136,-8.94143E-09,,,,,,
0.336751252,5.28699E-09,,0.327626169,-8.98302E-09,,,,,,
0.337739915,5.33786E-09,,0.325767368,-8.89358E-09,,,,,,
0.338773698,5.3494E-09,,0.323687702,-8.91386E-09,,,,,,
0.339728802,5.29384E-09,,0.321617275,-9.00836E-09,,,,,,
0.340715855,5.25613E-09,,0.319678038,-8.92492E-09,,,,,,
0.341713697,5.29602E-09,,0.317555666,-8.96697E-09,,,,,,
0.342750669,5.32737E-09,,0.31565249,-8.96651E-09,,,,,,
0.343752712,5.31868E-09,,0.313756824,-8.89321E-09,,,,,,
0.344726264,5.29233E-09,,0.311640352,-8.95381E-09,,,,,,
0.345746875,5.2969E-09,,0.309649944,-8.95057E-09,,,,,,
0.346750051,5.31864E-09,,0.307782412,-8.79929E-09,,,,,,
0.347762108,5.32929E-09,,0.305639416,-8.94685E-09,,,,,,
0.348750591,5.28992E-09,,0.303603292,-8.98732E-09,,,,,,
0.34977451,5.34263E-09,,0.301612526,-8.96878E-09,,,,,,
0.350746065,5.34112E-09,,0.299663424,-8.93856E-09,,,,,,
0.351734519,5.34503E-09,,0.297590375,-8.96864E-09,,,,,,
0.352766991,5.29777E-09,,0.295703024,-8.93333E-09,,,,,,
0.353783548,5.34707E-09,,0.293670028,-8.9308E-09,,,,,,
0.354719251,5.28321E-09,,0.291631997,-8.95029E-09,,,,,,
0.355732918,5.34588E-09,,0.289727986,-8.87268E-09,,,,,,
0.356747389,5.29488E-09,,0.287592322,-9.00816E-09,,,,,,
0.357740015,5.3541E-09,,0.285603106,-8.9488E-09,,,,,,
0.358709663,5.27339E-09,,0.283684701,-8.90777E-09,,,,,,
0.359784096,5.36909E-09,,0.281687498,-8.9171E-09,,,,,,
0.36075148,5.28321E-09,,0.279668421,-8.91685E-09,,,,,,
0.361740619,5.3487E-09,,0.277586967,-8.97757E-09,,,,,,
0.362786651,5.34536E-09,,0.275553018,-8.99873E-09,,,,,,
0.363765419,5.34655E-09,,0.273741931,-8.8999E-09,,,,,,
0.364761502,5.25273E-09,,0.271703959,-8.90627E-09,,,,,,
0.365726471,5.31857E-09,,0.269668698,-8.9445E-09,,,,,,
0.366756976,5.31185E-09,,0.267516911,-9.01003E-09,,,,,,
0.367755175,5.35322E-09,,0.265747398,-8.91578E-09,,,,,,
0.368744701,5.26741E-09,,0.263554931,-8.96552E-09,,,,,,
0.369735867,5.30908E-09,,0.261660129,-8.94628E-09,,,,,,
0.370723695,5.27906E-09,,0.259691894,-8.91716E-09,,,,,,
0.37173,5.32174E-09,,0.257620335,-8.99946E-09,,,,,,
0.372731388,5.25389E-09,,0.255625516,-8.96008E-09,,,,,,
0.373782486,5.36996E-09,,0.253662586,-8.95841E-09,,,,,,
0.37474525,5.32358E-09,,0.251649797,-8.95305E-09,,,,,,
0.375752628,5.32908E-09,,0.249700665,-8.92231E-09,,,,,,
0.376779407,5.28267E-09,,0.247563601,-8.99804E-09,,,,,,
0.377761424,5.3263E-09,,0.245718405,-8.90346E-09,,,,,,
0.378791004,5.305E-09,,0.243671432,-8.9285E-09,,,,,,
0.379782796,5.3485E-09,,0.241607338,-8.94735E-09,,,,,,
0.380802035,5.32498E-09,,0.239650756,-8.95706E-09,,,,,,
0.381731004,5.27891E-09,,0.23764877,-8.93397E-09,,,,,,
0.382698655,5.2642E-09,,0.235567391,-8.98828E-09,,,,,,
0.383719385,5.32253E-09,,0.233547315,-8.98113E-09,,,,,,
0.384768695,5.26054E-09,,0.231643558,-8.92125E-09,,,,,,
0.385730088,5.30489E-09,,0.229600236,-8.92329E-09,,,,,,
0.386750907,5.31962E-09,,0.227576092,-8.98743E-09,,,,,,
0.387783647,5.29969E-09,,0.225632176,-8.94947E-09,,,,,,
0.388771594,5.28694E-09,,0.223632619,-8.99513E-09,,,,,,
0.389780074,5.36061E-09,,0.221627191,-8.95045E-09,,,,,,
0.390765935,5.30204E-09,,0.219606772,-8.91208E-09,,,,,,
0.391768515,5.36049E-09,,0.217583522,-8.93528E-09,,,,,,
0.392763317,5.26494E-09,,0.215612158,-8.98208E-09,,,,,,
0.393772274,5.31284E-09,,0.213597745,-8.94961E-09,,,,,,
0.394744456,5.26569E-09,,0.21165821,-8.92625E-09,,,,,,
0.395749629,5.34919E-09,,0.209587917,-8.95696E-09,,,,,,
0.396805108,5.31098E-09,,0.207657903,-8.96164E-09,,,,,,
0.397753149,5.31845E-09,,0.20567517,-8.922E-09,,,,,,
0.398789197,5.31187E-09,,0.203628078,-8.95092E-09,,,,,,
0.39978686,5.34899E-09,,0.201567531,-8.9733E-09,,,,,,
0.40078178,5.30146E-09,,0.199618131,-8.94135E-09,,,,,,
0.401796669,5.35774E-09,,0.197618753,-8.9489E-09,,,,,,
0.402806878,5.33093E-09,,0.195634842,-8.9182E-09,,,,,,
0.403786719,5.32935E-09,,0.193599999,-8.9165E-09,,,,,,
0.404772609,5.27708E-09,,0.191705182,-8.91289E-09,,,,,,
0.405763268,5.34586E-09,,0.189565048,-8.95378E-09,,,,,,
0.406803936,5.32001E-09,,0.187578738,-8.97907E-09,,,,,,
0.407760948,5.30952E-09,,0.185650632,-8.89979E-09,,,,,,
0.408746183,5.28806E-09,,0.183612168,-8.95988E-09,,,,,,
0.409736842,5.32676E-09,,0.181618974,-8.94005E-09,,,,,,
0.410773337,5.2928E-09,,0.17961134,-8.93183E-09,,,,,,
0.411749065,5.32735E-09,,0.177580073,-8.96575E-09,,,,,,
0.412736237,5.26479E-09,,0.175645009,-8.92548E-09,,,,,,
0.413778275,5.34167E-09,,0.173693374,-8.91382E-09,,,,,,
0.414786786,5.30204E-09,,0.171657115,-8.92255E-09,,,,,,
0.415738404,5.32368E-09,,0.169607967,-8.91335E-09,,,,,,
0.416782171,5.32734E-09,,0.167607769,-8.96161E-09,,,,,,
0.417803675,5.31634E-09,,0.165550143,-8.95023E-09,,,,,,
0.418760151,5.27763E-09,,0.16354236,-8.98393E-09,,,,,,
0.419792771,5.35692E-09,,0.161619574,-8.93387E-09,,,,,,
0.420758963,5.28224E-09,,0.159599721,-8.93246E-09,,,,,,
0.42177704,5.30704E-09,,0.157548353,-8.96794E-09,,,,,,
0.422783464,5.29991E-09,,0.155604184,-8.94532E-09,,,,,,
0.423805654,5.35087E-09,,0.153510764,-9.01087E-09,,,,,,
0.424777448,5.26018E-09,,0.151597261,-8.9637E-09,,,,,,
0.425827593,5.34561E-09,,0.149557218,-8.98506E-09,,,,,,
0.426800072,5.32787E-09,,0.147588879,-8.96295E-09,,,,,,
0.427741796,5.34927E-09,,0.145538718,-8.9814E-09,,,,,,
0.428780317,5.27004E-09,,0.143580958,-9.00053E-09,,,,,,
0.429794878,5.34135E-09,,0.14160046,-8.97681E-09,,,,,,
0.43077293,5.28004E-09,,0.139523059,-9.02775E-09,,,,,,
0.431785047,5.33334E-09,,0.137554646,-8.99377E-09,,,,,,
0.432777464,5.25348E-09,,0.135603726,-8.94509E-09,,,,,,
0.433788478,5.35316E-09,,0.13352114,-9.01334E-09,,,,,,
0.434792519,5.30344E-09,,0.131604791,-8.92372E-09,,,,,,
0.435750663,5.31622E-09,,0.129701167,-8.89629E-09,,,,,,
0.436810881,5.28758E-09,,0.12761344,-8.94534E-09,,,,,,
0.437795818,5.33143E-09,,0.125576541,-8.95469E-09,,,,,,
0.438782454,5.29429E-09,,0.123703226,-8.87025E-09,,,,,,
0.439799279,5.36831E-09,,0.121564247,-8.9463E-09,,,,,,
0.440816462,5.27699E-09,,0.119621642,-8.93057E-09,,,,,,
0.44176203,5.32477E-09,,0.117550991,-8.96773E-09,,,,,,
0.442804873,5.31444E-09,,0.115506195,-9.026E-09,,,,,,
0.443785846,5.34856E-09,,0.113457546,-9.02354E-09,,,,,,
0.444797426,5.29422E-09,,0.111473262,-9.05897E-09,,,,,,
0.445820212,5.34117E-09,,0.109527566,-9.00043E-09,,,,,,
0.446721047,5.25141E-09,,0.107613422,-8.95452E-09,,,,,,
0.44783479,5.34904E-09,,0.105517134,-9.00065E-09,,,,,,
0.448824525,5.26862E-09,,0.103644088,-8.93029E-09,,,,,,
0.449767292,5.32898E-09,,0.101478472,-8.97943E-09,,,,,,
0.450754851,5.27493E-09,,0.099594727,-8.91866E-09,,,,,,
0.451782197,5.35461E-09,,0.097479634,-9.02149E-09,,,,,,
0.452771991,5.29489E-09,,0.095584027,-8.9707E-09,,,,,,
0.453770369,5.31235E-09,,0.093583673,-8.94832E-09,,,,,,
0.454767555,5.28565E-09,,0.091594979,-8.95942E-09,,,,,,
0.45581767,5.3663E-09,,0.089603275,-8.91231E-09,,,,,,
0.456803083,5.27189E-09,,0.087591611,-8.90125E-09,,,,,,
0.457814693,5.3308E-09,,0.085489601,-8.9996E-09,,,,,,
0.458802789,5.31554E-09,,0.083558843,-8.97364E-09,,,,,,
0.459844619,5.34179E-09,,0.081598282,-8.93408E-09,,,,,,
0.460789979,5.28271E-09,,0.07956095,-8.98217E-09,,,,,,
0.461798847,5.30559E-09,,0.077493668,-8.99596E-09,,,,,,
0.462787062,5.29147E-09,,0.075601213,-8.91805E-09,,,,,,
0.463782102,5.33579E-09,,0.073565267,-8.95694E-09,,,,,,
0.46479091,5.2646E-09,,0.071568869,-8.95448E-09,,,,,,
0.465760231,5.3118E-09,,0.069473013,-9.00425E-09,,,,,,
0.466769964,5.29273E-09,,0.067546181,-8.94336E-09,,,,,,
0.467827857,5.34053E-09,,0.065557547,-8.97879E-09,,,,,,
0.468807667,5.24973E-09,,0.063555166,-8.94184E-09,,,,,,
0.469794214,5.30114E-09,,0.061539814,-8.97537E-09,,,,,,
0.470814228,5.2824E-09,,0.059431102,-9.01031E-09,,,,,,
0.47182402,5.3709E-09,,0.057490386,-8.9675E-09,,,,,,
0.472797394,5.26517E-09,,0.055609055,-8.9165E-09,,,,,,
0.473812759,5.32094E-09,,0.053498492,-8.99051E-09,,,,,,
0.474839956,5.33304E-09,,0.05157873,-8.96294E-09,,,,,,
0.475829273,5.35894E-09,,0.049474292,-8.99277E-09,,,,,,
0.476805806,5.26168E-09,,0.047564041,-8.93768E-09,,,,,,
0.477800488,5.29196E-09,,0.04546624,-8.99637E-09,,,,,,
0.478785634,5.29739E-09,,0.043563202,-8.96453E-09,,,,,,
0.479794323,5.33671E-09,,0.041598305,-8.92686E-09,,,,,,
0.480837882,5.29073E-09,,0.039556526,-8.96185E-09,,,,,,
0.481826156,5.32937E-09,,0.037563164,-8.92135E-09,,,,,,
0.482816696,5.30793E-09,,0.035480525,-8.9822E-09,,,,,,
0.483806133,5.33298E-09,,0.033576962,-8.94322E-09,,,,,,
0.484816819,5.25332E-09,,0.03146553,-9.01797E-09,,,,,,
0.485791206,5.29092E-09,,0.029462086,-9.02179E-09,,,,,,
0.486859351,5.33769E-09,,0.027520904,-8.97635E-09,,,,,,
0.48784557,5.37992E-09,,0.025506601,-8.99243E-09,,,,,,
0.488807976,5.29621E-09,,0.023495482,-8.99937E-09,,,,,,
0.489798933,5.33457E-09,,0.021489527,-8.97267E-09,,,,,,
0.490778267,5.27855E-09,,0.019506322,-8.98831E-09,,,,,,
0.49181217,5.35351E-09,,0.017510736,-8.98135E-09,,,,,,
0.49282214,5.27455E-09,,0.01546837,-8.96862E-09,,,,,,
0.493804216,5.31431E-09,,0.013594688,-8.96693E-09,,,,,,
0.494812578,5.29415E-09,,0.011572547,-8.89384E-09,,,,,,
0.495815158,5.37259E-09,,0.009462418,-9.00425E-09,,,,,,
0.496774226,5.25953E-09,,0.007529007,-8.96261E-09,,,,,,
0.497790843,5.29082E-09,,0.005588755,-8.93229E-09,,,,,,
0.498809248,5.28414E-09,,0.003512123,-8.95692E-09,,,,,,
0.499833584,5.34195E-09,,0.001437923,-9.02275E-09,,,,,,
0.500105023,-3.90074E-09,,,,,,,,,
0.499127388,-4.0868E-09,,,,,,,,,
0.498049974,-4.21525E-09,,,,,,,,,
0.497043431,-4.15068E-09,,,,,,,,,
0.496026963,-4.24708E-09,,,,,,,,,
0.495076925,-4.19596E-09,,,,,,,,,
0.494095474,-4.19587E-09,,,,,,,,,
0.493103802,-4.16127E-09,,,,,,,,,
0.492091238,-4.20659E-09,,,,,,,,,
0.491074204,-4.17626E-09,,,,,,,,,
0.49009493,-4.18582E-09,,,,,,,,,
0.48909989,-4.12303E-09,,,,,,,,,
0.488045394,-4.25676E-09,,,,,,,,,
0.487073839,-4.18555E-09,,,,,,,,,
0.48602739,-4.23378E-09,,,,,,,,,
0.485131443,-4.1283E-09,,,,,,,,,
0.484053522,-4.23696E-09,,,,,,,,,
0.483066171,-4.1879E-09,,,,,,,,,
0.482087433,-4.21252E-09,,,,,,,,,
0.481080741,-4.17394E-09,,,,,,,,,
0.480099142,-4.20031E-09,,,,,,,,,
0.479190975,-4.07768E-09,,,,,,,,,
0.478113264,-4.19E-09,,,,,,,,,
0.477134883,-4.13869E-09,,,,,,,,,
0.476072133,-4.22476E-09,,,,,,,,,
0.475072265,-4.18388E-09,,,,,,,,,
0.474033684,-4.21246E-09,,,,,,,,,
0.473050356,-4.18191E-09,,,,,,,,,
0.472071439,-4.19674E-09,,,,,,,,,
0.471041948,-4.20414E-09,,,,,,,,,
0.470035553,-4.23049E-09,,,,,,,,,
0.469082355,-4.15069E-09,,,,,,,,,
0.468171805,-4.14218E-09,,,,,,,,,
0.46708709,-4.17177E-09,,,,,,,,,
0.466075331,-4.26501E-09,,,,,,,,,
0.465050727,-4.17572E-09,,,,,,,,,
0.464060903,-4.23904E-09,,,,,,,,,
0.463090569,-4.18179E-09,,,,,,,,,
0.462072104,-4.21168E-09,,,,,,,,,
0.461093158,-4.16515E-09,,,,,,,,,
0.460128605,-4.16074E-09,,,,,,,,,
0.45907402,-4.19223E-09,,,,,,,,,
0.458059192,-4.22202E-09,,,,,,,,,
0.457085639,-4.16651E-09,,,,,,,,,
0.456097305,-4.21794E-09,,,,,,,,,
0.455091238,-4.1736E-09,,,,,,,,,
0.4540914,-4.2077E-09,,,,,,,,,
0.453096479,-4.16984E-09,,,,,,,,,
0.452036262,-4.23317E-09,,,,,,,,,
0.451082915,-4.19234E-09,,,,,,,,,
0.450052559,-4.22811E-09,,,,,,,,,
0.449072927,-4.16944E-09,,,,,,,,,
0.448022932,-4.2768E-09,,,,,,,,,
0.447065622,-4.19442E-09,,,,,,,,,
0.446109116,-4.21267E-09,,,,,,,,,
0.445082814,-4.16623E-09,,,,,,,,,
0.444092721,-4.1924E-09,,,,,,,,,
0.443057418,-4.20391E-09,,,,,,,,,
0.4420394,-4.21638E-09,,,,,,,,,
0.441058993,-4.17004E-09,,,,,,,,,
0.44003731,-4.22262E-09,,,,,,,,,
0.439016163,-4.21821E-09,,,,,,,,,
0.438118458,-4.18151E-09,,,,,,,,,
0.437077343,-4.18292E-09,,,,,,,,,
0.436079383,-4.19565E-09,,,,,,,,,
0.435043216,-4.18635E-09,,,,,,,,,
0.434072971,-4.20847E-09,,,,,,,,,
0.433066994,-4.16799E-09,,,,,,,,,
0.432061583,-4.23752E-09,,,,,,,,,
0.431044936,-4.18593E-09,,,,,,,,,
0.430039704,-4.22799E-09,,,,,,,,,
0.429090381,-4.16776E-09,,,,,,,,,
0.428095311,-4.18501E-09,,,,,,,,,
0.42705521,-4.19502E-09,,,,,,,,,
0.42608887,-4.1891E-09,,,,,,,,,
0.425080895,-4.14997E-09,,,,,,,,,
0.424102068,-4.1767E-09,,,,,,,,,
0.423039794,-4.20998E-09,,,,,,,,,
0.422018617,-4.26044E-09,,,,,,,,,
0.42102325,-4.16244E-09,,,,,,,,,
0.420070946,-4.21612E-09,,,,,,,,,
0.419096231,-4.1509E-09,,,,,,,,,
0.41806829,-4.21709E-09,,,,,,,,,
0.417053193,-4.16088E-09,,,,,,,,,
0.41602248,-4.25178E-09,,,,,,,,,
0.415015727,-4.22236E-09,,,,,,,,,
0.414053679,-4.21278E-09,,,,,,,,,
0.413021386,-4.19615E-09,,,,,,,,,
0.412040323,-4.23065E-09,,,,,,,,,
0.411017865,-4.22081E-09,,,,,,,,,
0.410050541,-4.21513E-09,,,,,,,,,
0.409068465,-4.19072E-09,,,,,,,,,
0.408044994,-4.23728E-09,,,,,,,,,
0.407039315,-4.20735E-09,,,,,,,,,
0.406077653,-4.18652E-09,,,,,,,,,
0.405048877,-4.1835E-09,,,,,,,,,
0.404045492,-4.20969E-09,,,,,,,,,
0.403062642,-4.17224E-09,,,,,,,,,
0.402036548,-4.21334E-09,,,,,,,,,
0.401031822,-4.18937E-09,,,,,,,,,
0.400062591,-4.20101E-09,,,,,,,,,
0.399079531,-4.15517E-09,,,,,,,,,
0.39805457,-4.21974E-09,,,,,,,,,
0.397056729,-4.1882E-09,,,,,,,,,
0.396095902,-4.20326E-09,,,,,,,,,
0.395056218,-4.18707E-09,,,,,,,,,
0.394081026,-4.20095E-09,,,,,,,,,
0.393067718,-4.16429E-09,,,,,,,,,
0.392051876,-4.25284E-09,,,,,,,,,
0.391033471,-4.19032E-09,,,,,,,,,
0.390007228,-4.24277E-09,,,,,,,,,
0.388995916,-4.23339E-09,,,,,,,,,
0.388017386,-4.24264E-09,,,,,,,,,
0.387065113,-4.19745E-09,,,,,,,,,
0.386072218,-4.20927E-09,,,,,,,,,
0.38500762,-4.19679E-09,,,,,,,,,
0.384065241,-4.19721E-09,,,,,,,,,
0.383041173,-4.18352E-09,,,,,,,,,
0.38204813,-4.20876E-09,,,,,,,,,
0.381112814,-4.14629E-09,,,,,,,,,
0.380050927,-4.22952E-09,,,,,,,,,
0.378997564,-4.19141E-09,,,,,,,,,
0.378028691,-4.24907E-09,,,,,,,,,
0.377065241,-4.163E-09,,,,,,,,,
0.376085818,-4.20547E-09,,,,,,,,,
0.375069708,-4.19112E-09,,,,,,,,,
0.374047786,-4.20682E-09,,,,,,,,,
0.373028755,-4.19154E-09,,,,,,,,,
0.372029781,-4.22134E-09,,,,,,,,,
0.371003062,-4.18812E-09,,,,,,,,,
0.370012462,-4.22702E-09,,,,,,,,,
0.369008839,-4.19804E-09,,,,,,,,,
0.368010372,-4.24126E-09,,,,,,,,,
0.367051095,-4.18887E-09,,,,,,,,,
0.366003543,-4.24627E-09,,,,,,,,,
0.365050018,-4.1838E-09,,,,,,,,,
0.364053577,-4.21948E-09,,,,,,,,,
0.363000631,-4.22457E-09,,,,,,,,,
0.362015992,-4.22608E-09,,,,,,,,,
0.361073792,-4.15013E-09,,,,,,,,,
0.36001128,-4.24423E-09,,,,,,,,,
0.359039247,-4.21005E-09,,,,,,,,,
0.358022094,-4.23659E-09,,,,,,,,,
0.35700497,-4.20317E-09,,,,,,,,,
0.356036454,-4.25216E-09,,,,,,,,,
0.355044723,-4.17137E-09,,,,,,,,,
0.354050934,-4.22722E-09,,,,,,,,,
0.353077859,-4.1312E-09,,,,,,,,,
0.352021456,-4.24626E-09,,,,,,,,,
0.351001948,-4.22133E-09,,,,,,,,,
0.350033671,-4.20503E-09,,,,,,,,,
0.349003106,-4.19102E-09,,,,,,,,,
0.348003209,-4.21716E-09,,,,,,,,,
0.347019494,-4.19735E-09,,,,,,,,,
0.346032083,-4.18975E-09,,,,,,,,,
0.345025271,-4.21042E-09,,,,,,,,,
0.344007462,-4.22075E-09,,,,,,,,,
0.343058288,-4.18592E-09,,,,,,,,,
0.3420344,-4.19556E-09,,,,,,,,,
0.341028333,-4.19129E-09,,,,,,,,,
0.340056896,-4.23419E-09,,,,,,,,,
0.339026481,-4.19138E-09,,,,,,,,,
0.338006884,-4.24403E-09,,,,,,,,,
0.337032586,-4.17695E-09,,,,,,,,,
0.336065292,-4.18883E-09,,,,,,,,,
0.33505559,-4.17438E-09,,,,,,,,,
0.334002107,-4.1998E-09,,,,,,,,,
0.332988501,-4.20905E-09,,,,,,,,,
0.33199811,-4.23731E-09,,,,,,,,,
0.331047505,-4.19799E-09,,,,,,,,,
0.330011934,-4.21233E-09,,,,,,,,,
0.329013228,-4.18853E-09,,,,,,,,,
0.328025728,-4.20107E-09,,,,,,,,,
0.327035606,-4.17288E-09,,,,,,,,,
0.326035291,-4.18912E-09,,,,,,,,,
0.325061858,-4.1802E-09,,,,,,,,,
0.324055374,-4.20579E-09,,,,,,,,,
0.322940499,-4.22256E-09,,,,,,,,,
0.321995467,-4.22137E-09,,,,,,,,,
0.321024835,-4.18368E-09,,,,,,,,,
0.319980979,-4.24162E-09,,,,,,,,,
0.319028139,-4.20896E-09,,,,,,,,,
0.318021536,-4.1997E-09,,,,,,,,,
0.317013115,-4.18492E-09,,,,,,,,,
0.31601429,-4.21841E-09,,,,,,,,,
0.31503427,-4.14448E-09,,,,,,,,,
0.314031124,-4.20826E-09,,,,,,,,,
0.312992156,-4.18239E-09,,,,,,,,,
0.311996043,-4.18864E-09,,,,,,,,,
0.311055452,-4.17366E-09,,,,,,,,,
0.310055405,-4.17794E-09,,,,,,,,,
0.309010983,-4.18704E-09,,,,,,,,,
0.30797419,-4.24736E-09,,,,,,,,,
0.306990325,-4.22865E-09,,,,,,,,,
0.305988222,-4.2496E-09,,,,,,,,,
0.304969639,-4.23055E-09,,,,,,,,,
0.303989559,-4.20807E-09,,,,,,,,,
0.30298844,-4.1924E-09,,,,,,,,,
0.301989436,-4.22031E-09,,,,,,,,,
0.300993592,-4.22272E-09,,,,,,,,,
0.300006449,-4.22468E-09,,,,,,,,,
0.299036056,-4.19469E-09,,,,,,,,,
0.297995955,-4.23948E-09,,,,,,,,,
0.296998888,-4.18928E-09,,,,,,,,,
0.29597792,-4.22682E-09,,,,,,,,,
0.294982374,-4.21384E-09,,,,,,,,,
0.294012129,-4.19875E-09,,,,,,,,,
0.292998821,-4.17322E-09,,,,,,,,,
0.29200989,-4.19521E-09,,,,,,,,,
0.290994108,-4.18889E-09,,,,,,,,,
0.290011764,-4.20796E-09,,,,,,,,,
0.288984418,-4.18853E-09,,,,,,,,,
0.287964135,-4.23133E-09,,,,,,,,,
0.287038416,-4.16317E-09,,,,,,,,,
0.285993636,-4.20179E-09,,,,,,,,,
0.284996569,-4.19858E-09,,,,,,,,,
0.284019232,-4.19032E-09,,,,,,,,,
0.282978237,-4.18757E-09,,,,,,,,,
0.281982154,-4.24218E-09,,,,,,,,,
0.28104192,-4.16844E-09,,,,,,,,,
0.28001231,-4.18512E-09,,,,,,,,,
0.279077947,-4.16501E-09,,,,,,,,,
0.277969927,-4.2423E-09,,,,,,,,,
0.277033299,-4.14528E-09,,,,,,,,,
0.276016116,-4.20918E-09,,,,,,,,,
0.27500999,-4.16648E-09,,,,,,,,,
0.274009168,-4.22366E-09,,,,,,,,,
0.273023427,-4.18994E-09,,,,,,,,,
0.272013843,-4.20066E-09,,,,,,,,,
0.270968586,-4.21141E-09,,,,,,,,,
0.270026237,-4.19566E-09,,,,,,,,,
0.268956751,-4.19201E-09,,,,,,,,,
0.267984867,-4.20615E-09,,,,,,,,,
0.266965628,-4.18358E-09,,,,,,,,,
0.266011447,-4.18626E-09,,,,,,,,,
0.26493603,-4.21306E-09,,,,,,,,,
0.264057219,-4.15266E-09,,,,,,,,,
0.262995541,-4.19697E-09,,,,,,,,,
0.261977047,-4.21123E-09,,,,,,,,,
0.260953635,-4.23154E-09,,,,,,,,,
0.259998053,-4.18261E-09,,,,,,,,,
0.259011,-4.19855E-09,,,,,,,,,
0.257988423,-4.20063E-09,,,,,,,,,
0.256954312,-4.20577E-09,,,,,,,,,
0.255973727,-4.25943E-09,,,,,,,,,
0.254961461,-4.22483E-09,,,,,,,,,
0.253941387,-4.25404E-09,,,,,,,,,
0.25302735,-4.15195E-09,,,,,,,,,
0.252043664,-4.19475E-09,,,,,,,,,
0.250948697,-4.21148E-09,,,,,,,,,
0.249994218,-4.22673E-09,,,,,,,,,
0.248990133,-4.16499E-09,,,,,,,,,
0.247984886,-4.23896E-09,,,,,,,,,
0.247040734,-4.1447E-09,,,,,,,,,
0.245991305,-4.22533E-09,,,,,,,,,
0.245032012,-4.14794E-09,,,,,,,,,
0.243962958,-4.21669E-09,,,,,,,,,
0.243002772,-4.16531E-09,,,,,,,,,
0.241966039,-4.22344E-09,,,,,,,,,
0.240957811,-4.17798E-09,,,,,,,,,
0.240038514,-4.22582E-09,,,,,,,,,
0.238953918,-4.21635E-09,,,,,,,,,
0.237981543,-4.2316E-09,,,,,,,,,
0.236984596,-4.18057E-09,,,,,,,,,
0.235929996,-4.23343E-09,,,,,,,,,
0.234986171,-4.18E-09,,,,,,,,,
0.233930662,-4.24227E-09,,,,,,,,,
0.232958868,-4.20014E-09,,,,,,,,,
0.231959254,-4.27954E-09,,,,,,,,,
0.230981737,-4.20318E-09,,,,,,,,,
0.22998178,-4.1996E-09,,,,,,,,,
0.228968188,-4.17352E-09,,,,,,,,,
0.227962226,-4.18843E-09,,,,,,,,,
0.226960823,-4.2051E-09,,,,,,,,,
0.225950241,-4.23688E-09,,,,,,,,,
0.22495994,-4.18423E-09,,,,,,,,,
0.223984823,-4.21519E-09,,,,,,,,,
0.223001912,-4.16243E-09,,,,,,,,,
0.2219809,-4.24682E-09,,,,,,,,,
0.220954344,-4.21238E-09,,,,,,,,,
0.219934493,-4.23227E-09,,,,,,,,,
0.218955547,-4.20495E-09,,,,,,,,,
0.217987016,-4.17277E-09,,,,,,,,,
0.216967016,-4.14892E-09,,,,,,,,,
0.215988651,-4.21743E-09,,,,,,,,,
0.214967221,-4.18998E-09,,,,,,,,,
0.213996559,-4.21307E-09,,,,,,,,,
0.212984115,-4.17513E-09,,,,,,,,,
0.211965293,-4.22185E-09,,,,,,,,,
0.210949078,-4.20395E-09,,,,,,,,,
0.209949866,-4.23541E-09,,,,,,,,,
0.208938971,-4.20312E-09,,,,,,,,,
0.207985178,-4.23812E-09,,,,,,,,,
0.206939489,-4.20424E-09,,,,,,,,,
0.205946654,-4.24977E-09,,,,,,,,,
0.204933271,-4.19973E-09,,,,,,,,,
0.20399268,-4.20709E-09,,,,,,,,,
0.203015238,-4.16583E-09,,,,,,,,,
0.20199427,-4.19513E-09,,,,,,,,,
0.200981766,-4.17626E-09,,,,,,,,,
0.199995562,-4.22227E-09,,,,,,,,,
0.19896394,-4.17973E-09,,,,,,,,,
0.197946951,-4.2401E-09,,,,,,,,,
0.19695726,-4.19468E-09,,,,,,,,,
0.195976481,-4.23101E-09,,,,,,,,,
0.194953337,-4.16301E-09,,,,,,,,,
0.193945467,-4.22763E-09,,,,,,,,,
0.192882732,-4.23393E-09,,,,,,,,,
0.191956699,-4.23274E-09,,,,,,,,,
0.190926537,-4.22944E-09,,,,,,,,,
0.190007538,-4.17711E-09,,,,,,,,,
0.18891637,-4.21877E-09,,,,,,,,,
0.187955245,-4.20781E-09,,,,,,,,,
0.186978042,-4.15136E-09,,,,,,,,,
0.185958534,-4.24965E-09,,,,,,,,,
0.184957325,-4.18193E-09,,,,,,,,,
0.183944345,-4.23556E-09,,,,,,,,,
0.18293266,-4.18543E-09,,,,,,,,,
0.181965694,-4.23309E-09,,,,,,,,,
0.181001067,-4.16119E-09,,,,,,,,,
0.179958999,-4.19029E-09,,,,,,,,,
0.178939506,-4.21918E-09,,,,,,,,,
0.177962214,-4.19356E-09,,,,,,,,,
0.176966518,-4.17253E-09,,,,,,,,,
0.175908163,-4.23607E-09,,,,,,,,,
0.174937889,-4.21156E-09,,,,,,,,,
0.1739714,-4.24451E-09,,,,,,,,,
0.172992885,-4.14658E-09,,,,,,,,,
0.171929151,-4.23714E-09,,,,,,,,,
0.170989066,-4.16354E-09,,,,,,,,,
0.169948399,-4.20864E-09,,,,,,,,,
0.168955415,-4.1731E-09,,,,,,,,,
0.167952359,-4.22445E-09,,,,,,,,,
0.166969135,-4.16872E-09,,,,,,,,,
0.165943429,-4.23033E-09,,,,,,,,,
0.164963514,-4.17154E-09,,,,,,,,,
0.163921297,-4.24021E-09,,,,,,,,,
0.16291745,-4.20472E-09,,,,,,,,,
0.161903799,-4.23211E-09,,,,,,,,,
0.160957038,-4.15821E-09,,,,,,,,,
0.159886256,-4.2637E-09,,,,,,,,,
0.158913001,-4.18524E-09,,,,,,,,,
0.157942012,-4.2295E-09,,,,,,,,,
0.156920925,-4.19396E-09,,,,,,,,,
0.155974478,-4.21366E-09,,,,,,,,,
0.154907495,-4.21993E-09,,,,,,,,,
0.153908134,-4.22957E-09,,,,,,,,,
0.152925223,-4.20027E-09,,,,,,,,,
0.151913971,-4.24399E-09,,,,,,,,,
0.150943443,-4.19684E-09,,,,,,,,,
0.149923608,-4.23212E-09,,,,,,,,,
0.148976922,-4.17154E-09,,,,,,,,,
0.147945851,-4.21118E-09,,,,,,,,,
0.146938175,-4.2019E-09,,,,,,,,,
0.145945594,-4.22668E-09,,,,,,,,,
0.144917339,-4.20479E-09,,,,,,,,,
0.14391458,-4.24258E-09,,,,,,,,,
0.142963961,-4.18075E-09,,,,,,,,,
0.141869903,-4.28994E-09,,,,,,,,,
0.14090915,-4.20636E-09,,,,,,,,,
0.139916494,-4.24064E-09,,,,,,,,,
0.138927341,-4.16405E-09,,,,,,,,,
0.137898296,-4.23596E-09,,,,,,,,,
0.136895761,-4.2092E-09,,,,,,,,,
0.135896862,-4.25556E-09,,,,,,,,,
0.134895086,-4.21789E-09,,,,,,,,,
0.133893088,-4.2669E-09,,,,,,,,,
0.132872984,-4.20972E-09,,,,,,,,,
0.131918088,-4.21559E-09,,,,,,,,,
0.130904809,-4.207E-09,,,,,,,,,
0.129881814,-4.28947E-09,,,,,,,,,
0.128921807,-4.20963E-09,,,,,,,,,
0.127930567,-4.23165E-09,,,,,,,,,
0.126899734,-4.23948E-09,,,,,,,,,
0.125847161,-4.27504E-09,,,,,,,,,
0.124902435,-4.18196E-09,,,,,,,,,
0.123917699,-4.19655E-09,,,,,,,,,
0.122944824,-4.20251E-09,,,,,,,,,
0.121892437,-4.25644E-09,,,,,,,,,
0.120868564,-4.21977E-09,,,,,,,,,
0.119902849,-4.24957E-09,,,,,,,,,
0.118909486,-4.19303E-09,,,,,,,,,
0.117948383,-4.23627E-09,,,,,,,,,
0.11688064,-4.18946E-09,,,,,,,,,
0.11592181,-4.21031E-09,,,,,,,,,
0.114927359,-4.18443E-09,,,,,,,,,
0.113915294,-4.2462E-09,,,,,,,,,
0.11289075,-4.19657E-09,,,,,,,,,
0.111906245,-4.2242E-09,,,,,,,,,
0.110901527,-4.22191E-09,,,,,,,,,
0.109908283,-4.22982E-09,,,,,,,,,
0.108937949,-4.19808E-09,,,,,,,,,
0.107905522,-4.21481E-09,,,,,,,,,
0.106890194,-4.23428E-09,,,,,,,,,
0.105941378,-4.22871E-09,,,,,,,,,
0.104904346,-4.20995E-09,,,,,,,,,
0.103883013,-4.24992E-09,,,,,,,,,
0.102908507,-4.20248E-09,,,,,,,,,
0.101899676,-4.22798E-09,,,,,,,,,
0.100896791,-4.20806E-09,,,,,,,,,
0.099943101,-4.21372E-09,,,,,,,,,
0.098875277,-4.23039E-09,,,,,,,,,
0.097906217,-4.23253E-09,,,,,,,,,
0.09689261,-4.21583E-09,,,,,,,,,
0.09590631,-4.25369E-09,,,,,,,,,
0.094905287,-4.20699E-09,,,,,,,,,
0.093879372,-4.25541E-09,,,,,,,,,
0.092884734,-4.18602E-09,,,,,,,,,
0.091869555,-4.24091E-09,,,,,,,,,
0.090893492,-4.21519E-09,,,,,,,,,
0.089895539,-4.23735E-09,,,,,,,,,
0.088903777,-4.1918E-09,,,,,,,,,
0.087861508,-4.24295E-09,,,,,,,,,
0.086904071,-4.18249E-09,,,,,,,,,
0.085890837,-4.26203E-09,,,,,,,,,
0.084904872,-4.17879E-09,,,,,,,,,
0.083883278,-4.23548E-09,,,,,,,,,
0.082879134,-4.20543E-09,,,,,,,,,
0.081883714,-4.25336E-09,,,,,,,,,
0.080899894,-4.19849E-09,,,,,,,,,
0.07988973,-4.24817E-09,,,,,,,,,
0.078894809,-4.20761E-09,,,,,,,,,
0.077882953,-4.25862E-09,,,,,,,,,
0.076890171,-4.20291E-09,,,,,,,,,
0.07589484,-4.22532E-09,,,,,,,,,
0.074886903,-4.21263E-09,,,,,,,,,
0.073903307,-4.23563E-09,,,,,,,,,
0.07286676,-4.23096E-09,,,,,,,,,
0.071863502,-4.24742E-09,,,,,,,,,
0.070866413,-4.22353E-09,,,,,,,,,
0.0698957,-4.21977E-09,,,,,,,,,
0.068892531,-4.19316E-09,,,,,,,,,
0.067910902,-4.20419E-09,,,,,,,,,
0.066844769,-4.26738E-09,,,,,,,,,
0.065855004,-4.27004E-09,,,,,,,,,
0.064898983,-4.17766E-09,,,,,,,,,
0.063860521,-4.23501E-09,,,,,,,,,
0.062850788,-4.19619E-09,,,,,,,,,
0.061882716,-4.2261E-09,,,,,,,,,
0.060869273,-4.20529E-09,,,,,,,,,
0.059910651,-4.20479E-09,,,,,,,,,
0.058830027,-4.23261E-09,,,,,,,,,
0.057872251,-4.24994E-09,,,,,,,,,
0.05687562,-4.22184E-09,,,,,,,,,
0.055844881,-4.26445E-09,,,,,,,,,
0.054921169,-4.20102E-09,,,,,,,,,
0.053873576,-4.21604E-09,,,,,,,,,
0.05283786,-4.23151E-09,,,,,,,,,
0.051888749,-4.23152E-09,,,,,,,,,
0.050874997,-4.25139E-09,,,,,,,,,
0.049883246,-4.22486E-09,,,,,,,,,
0.048867736,-4.20955E-09,,,,,,,,,
0.047880169,-4.23101E-09,,,,,,,,,
0.046903018,-4.20233E-09,,,,,,,,,
0.045867503,-4.25202E-09,,,,,,,,,
0.044898447,-4.18491E-09,,,,,,,,,
0.04386593,-4.21531E-09,,,,,,,,,
0.042891145,-4.2122E-09,,,,,,,,,
0.041875504,-4.21969E-09,,,,,,,,,
0.040843673,-4.23426E-09,,,,,,,,,
0.039844394,-4.25929E-09,,,,,,,,,
0.038873971,-4.21205E-09,,,,,,,,,
0.03790275,-4.22752E-09,,,,,,,,,
0.036860999,-4.23445E-09,,,,,,,,,
0.035872761,-4.21222E-09,,,,,,,,,
0.034852639,-4.19556E-09,,,,,,,,,
0.033877905,-4.22005E-09,,,,,,,,,
0.0328499,-4.21468E-09,,,,,,,,,
0.031906668,-4.19096E-09,,,,,,,,,
0.030859806,-4.20339E-09,,,,,,,,,
0.02987388,-4.21223E-09,,,,,,,,,
0.028863022,-4.21065E-09,,,,,,,,,
0.027871273,-4.21031E-09,,,,,,,,,
0.026875788,-4.22067E-09,,,,,,,,,
0.025882874,-4.23189E-09,,,,,,,,,
0.024873208,-4.19517E-09,,,,,,,,,
0.023883242,-4.22079E-09,,,,,,,,,
0.022853563,-4.19498E-09,,,,,,,,,
0.021891948,-4.1761E-09,,,,,,,,,
0.0208384,-4.21336E-09,,,,,,,,,
0.019802112,-4.2686E-09,,,,,,,,,
0.018863717,-4.21596E-09,,,,,,,,,
0.017869906,-4.25417E-09,,,,,,,,,
0.016854441,-4.19211E-09,,,,,,,,,
0.015892532,-4.21516E-09,,,,,,,,,
0.014865907,-4.198E-09,,,,,,,,,
0.013867677,-4.23081E-09,,,,,,,,,
0.012881898,-4.19286E-09,,,,,,,,,
0.01186268,-4.2394E-09,,,,,,,,,
0.010875117,-4.21231E-09,,,,,,,,,
0.009884156,-4.22343E-09,,,,,,,,,
0.008852752,-4.20717E-09,,,,,,,,,
0.007876107,-4.19029E-09,,,,,,,,,
0.006855797,-4.21963E-09,,,,,,,,,
0.005854909,-4.24085E-09,,,,,,,,,
0.00485106,-4.17713E-09,,,,,,,,,
0.00382697,-4.22065E-09,,,,,,,,,
0.002856328,-4.19605E-09,,,,,,,,,
0.001869514,-4.24604E-09,,,,,,,,,
0.000859907,-4.18024E-09,,,,,,,,,