電圧,電流
0.201498732,-0.000446025
0.203638136,-0.000406378
0.205754101,-0.000388905
0.207634658,-0.000375726
0.209609538,-0.000364575
0.211564094,-0.000354604
0.21362339,-0.000345987
0.215691194,-0.000337539
0.21768485,-0.000330021
0.21958603,-0.000322966
0.221821815,-0.000316175
0.223819941,-0.000309724
0.225644082,-0.000304148
0.227757096,-0.000298245
0.229577333,-0.00029264
0.231662229,-0.000287404
0.233718127,-0.000282314
0.235763803,-0.000276894
0.237630218,-0.000272438
0.239793807,-0.000267756
0.241664872,-0.000262987
0.243585572,-0.000258397
0.245646581,-0.000254518
0.24756889,-0.000250099
0.249776661,-0.000245812
0.251714081,-0.000241736
0.253676325,-0.000237645
0.255638838,-0.000233697
0.257679939,-0.000229881
0.259800732,-0.000226001
0.261656433,-0.000222227
0.263664782,-0.000218767
0.265709102,-0.000214887
0.267624319,-0.000211355
0.269739062,-0.000207752
0.271759361,-0.000204685
0.273633718,-0.000200754
0.275805265,-0.000197161
0.277626187,-0.000194366
0.279719144,-0.000190774
0.281647235,-0.000187733
0.283729613,-0.000184086
0.285651386,-0.000180872
0.287605882,-0.000177997
0.289559215,-0.00017443
0.291709632,-0.00017117
0.293673515,-0.000168085
0.295706064,-0.000165264
0.297745764,-0.000161793
0.299606323,-0.000158951
0.301760674,-0.000155953
0.303639799,-0.0001525
0.305620611,-0.000149762
0.307602435,-0.000146404
0.309649169,-0.000143524
0.311682343,-0.000140483
0.31357345,-0.000137581
0.315775335,-0.000134342
0.317764789,-0.00013123
0.319645733,-0.000128214
0.321760833,-0.000124939
0.323824584,-0.000122064
0.32562837,-0.000119015
0.327740192,-0.000116004
0.329669803,-0.000112965
0.33168906,-0.000109703
0.333565295,-0.000106753
0.335653514,-0.000103609
0.337714165,-0.000100614
0.339586347,-0.0000971
0.341702759,-0.0000944
0.343568206,-0.0000911
0.345602065,-0.0000879
0.34759444,-0.0000846
0.349760383,-0.0000812
0.350649238,-0.00008
0.350649238,-0.00008
0.350649238,-0.00008
0.350649238,-0.00008
0.350649238,-0.00008
0.350649238,-0.00008
0.350649238,-0.00008
0.350649238,-0.00008
0.350649238,-0.00008
0.350649238,-0.00008
0.350649238,-0.00008
0.350649238,-0.00008
0.350649238,-0.00008
0.350649238,-0.00008
0.350649238,-0.00008
0.350649238,-0.00008
0.350649238,-0.00008
0.350649238,-0.00008
0.350649238,-0.00008
0.350649238,-0.00008
0.350649238,-0.00008
0.350649238,-0.00008
0.350649238,-0.00008
0.350649238,-0.00008
0.350649238,-0.00008
0.350649238,-0.00008
0.350649238,-0.00008
0.350649238,-0.00008
0.350649238,-0.00008
0.350649238,-0.00008
0.411667943,0.0000135
0.413418233,0.0000163
0.4155837,0.0000193
0.417697251,0.0000218
0.41964224,0.0000249
0.421644092,0.0000275
0.423519522,0.0000306
0.425621778,0.0000334
0.427438945,0.0000362
0.429727435,0.0000391
0.431655586,0.0000423
0.433632135,0.0000449
0.435608357,0.0000478
0.437572449,0.0000508
0.439688921,0.0000537
0.441630393,0.0000566
0.443411261,0.0000598
0.445565879,0.0000626
0.447746545,0.0000658
0.449516654,0.0000685
0.451609433,0.0000717
0.453557134,0.0000747
0.455670089,0.0000779
0.457681894,0.0000808
0.459571868,0.0000844
0.461579233,0.0000876
0.463595629,0.000091
0.465584546,0.000094
0.467562109,0.0000976
0.469569594,0.000100651
0.471626073,0.00010464
0.473482877,0.00010755
0.475111455,0.000109928
0.475111455,0.000109928
0.475111455,0.000109928
0.475111455,0.000109928
0.475111455,0.000109928
0.475111455,0.000109928
0.475111455,0.000109928
0.475111455,0.000109928
0.475111455,0.000109928
0.475111455,0.000109928
0.475111455,0.000109928
0.475111455,0.000109928
0.475111455,0.000109928
0.475111455,0.000109928
0.475111455,0.000109928
0.475111455,0.000109928
0.475111455,0.000109928
0.475111455,0.000109928
0.475111455,0.000109928
0.475111455,0.000109928
0.475111455,0.000109928
0.475111455,0.000109928
0.475111455,0.000109928
0.475111455,0.000109928
0.475111455,0.000109928
0.475111455,0.000109928
0.475111455,0.000109928
0.475111455,0.000109928
0.475111455,0.000109928
0.475111455,0.000109928
0.475111455,0.000109928
0.53767997,0.000242685
0.53986299,0.000247924
0.541734695,0.000252326
0.54368192,0.00025719
0.545848429,0.000262638
0.547738194,0.000267669
0.549793124,0.000273056
0.551534653,0.000277613
0.553782284,0.00028301
0.555767357,0.000288068
0.557765484,0.000293096
0.55956316,0.000297934
0.561738908,0.000303518
0.563678145,0.000308461
0.565684557,0.000313646
0.567767978,0.000318901
0.569670737,0.000324074
0.57172507,0.000329241
0.573664844,0.000334182
0.575801313,0.000339503
0.577774704,0.000344447
0.579655111,0.000349966
0.581727207,0.00035497
0.583856285,0.000360002
0.585841417,0.000365175
0.587765455,0.000370911
0.589678943,0.000375322
0.591786146,0.000380507
0.593646646,0.000385663
0.595765173,0.000390887
0.597825289,0.000395957
0.599793971,0.000400887
0.601831377,0.000405773
0.60370785,0.00041098
0.60585922,0.000415876
0.60774231,0.00042125
0.609850645,0.000426328
0.611952841,0.000431705
0.613806188,0.000436349
0.615696967,0.000441843
0.617699265,0.000446698
0.61980629,0.000452065
0.621740937,0.000456961
0.623788357,0.000462166
0.625693262,0.000467105
0.627730608,0.000472346
0.629909217,0.000477861
0.631874025,0.000483499
0.633861542,0.000488293
0.635777414,0.000493999
0.637774944,0.000499404
0.639835238,0.000505001
0.641886592,0.000510259
0.643838108,0.000516232
0.645879269,0.000521797
0.647771716,0.000527547
0.649921656,0.000533235
0.651857018,0.000539183
0.653759837,0.000544668
0.655791998,0.00055086
0.657834411,0.000557162
0.659902155,0.000563201
0.661793053,0.000569266
0.663551271,0.000575432
0.665934622,0.000582223
0.667769611,0.000588347
0.669791698,0.00059492
0.671944916,0.000601835
0.673808932,0.00060853
0.67579174,0.0006151
0.677776158,0.000622158
0.679771066,0.000628852
0.681721866,0.000636482
0.683790207,0.000643298
0.685824752,0.000650509
0.687712252,0.000658063
0.689698815,0.00066546
0.69171536,0.00067293
0.693848193,0.000680589
0.695784569,0.000688538
0.697584987,0.00069658
0.699800909,0.000703758
0.701874435,0.000712569
0.70379281,0.000720459
0.705744505,0.000728421
0.707880974,0.000737413
0.709820151,0.000745605
0.711788654,0.000754317
0.713785589,0.000762654
0.715891838,0.000771604
0.717787743,0.000779976
0.71981144,0.000789208
0.721811235,0.000797841
0.723785818,0.000807087
0.725808799,0.00081572
0.727853596,0.000824923
0.729791224,0.000834136
0.731714904,0.000844079
0.73373121,0.000852803
0.735783517,0.000861969
0.737918794,0.000871579
0.739883184,0.000881107
0.741847217,0.000890361
0.743854821,0.000900147
0.74581641,0.000909506
0.747708499,0.000919105
0.74978596,0.000928497
0.751758873,0.000938512
0.753771186,0.000947678
0.755823672,0.00095759
0.757667363,0.000966977
0.759815753,0.000977032
0.761689663,0.000986546
0.763814092,0.000996304
0.765741467,0.001005802
0.767862558,0.001015949
0.769739807,0.00102502
0.771812499,0.00103494
0.773694277,0.001044494
0.775775254,0.001054178
0.777750373,0.001064414
0.779679358,0.001074131
0.781673372,0.001084185
0.783650815,0.001094278
0.785001516,0.001099872
0.785001516,0.001099872
0.785001516,0.001099872
0.785001516,0.001099872
0.785001516,0.001099872
0.785001516,0.001099872
0.785001516,0.001099872
0.785001516,0.001099872
0.785001516,0.001099872
0.785001516,0.001099872
0.785001516,0.001099872
0.785001516,0.001099872
0.785001516,0.001099872
0.785001516,0.001099872
0.785001516,0.001099872
0.785001516,0.001099872
0.785001516,0.001099872
0.785001516,0.001099872
0.785001516,0.001099872
0.785001516,0.001099872
0.785001516,0.001099872
0.785001516,0.001099872
0.785001516,0.001099872
0.785001516,0.001099872
0.785001516,0.001099872
0.785001516,0.001099872
0.785001516,0.001099872
0.785001516,0.001099872
0.785001516,0.001099872
0.785001516,0.001099872
0.785001516,0.001099872
0.847673953,0.001399171
0.849799335,0.001409019
0.85163039,0.001418682
0.853838563,0.001433801
0.855969012,0.001445247
0.857941866,0.001453616
0.859970927,0.001462817
0.861918151,0.001470534
0.863704026,0.001478656
0.865902007,0.001488665
0.867991149,0.00149754
0.869874239,0.00150642
0.871991694,0.001516326
0.873801053,0.00152394
0.87593478,0.001533294
0.877975643,0.001543353
0.879646003,0.00155038
0.881924748,0.001560575
0.883963168,0.001570592
0.88601166,0.001578709
0.887733817,0.001586225
0.890008271,0.001597505
0.891958296,0.001606192
0.8940081,0.00161486
0.895775676,0.00162268
0.897962868,0.0016325
0.899934769,0.001641668
0.901859581,0.001649829
0.903952301,0.001659588
0.90591979,0.001667936
0.907961011,0.001677993
0.910034776,0.001686438
0.911981702,0.001695428
0.91404146,0.001705244
0.91583848,0.001712849
0.917996407,0.001722548
0.91983968,0.00173086
0.921971262,0.001740889
0.92397213,0.001750222
0.9258973,0.001759061
0.927931845,0.001768435
0.930023909,0.00177772
0.931726575,0.001785562
0.933900356,0.001795916
0.93591994,0.00180452
0.937890887,0.001814352
0.939755261,0.00182319
0.941924036,0.001833519
0.943959117,0.001843124
0.945786357,0.001851658
0.947879493,0.001861837
0.949908495,0.001871288
0.951996326,0.001881859
0.954041958,0.001891978
0.955816448,0.001899847
0.958074749,0.001911448
0.959891438,0.001919421
0.96204555,0.001931005
0.964040816,0.001940034
0.966076255,0.001950571
0.967951894,0.00195904
0.969983816,0.001968958
0.972032666,0.001979443
0.973984301,0.001989522
0.975871325,0.001997856
0.977931976,0.00200848
0.979740322,0.002017143
0.982042074,0.002027747
0.983963013,0.002038533
0.985889196,0.002047174
0.987965822,0.002058447
0.990132689,0.002068573
0.991984248,0.002077951
0.994122326,0.00208712
0.995995343,0.002096778
0.997967422,0.002106399
1.000108957,0.002117131
1.001989722,0.002125864
1.004051208,0.002135336
1.005838752,0.002143949
1.007898688,0.002153551
1.010037422,0.002163847
1.012016892,0.002172789
1.013911128,0.002181652
1.015877247,0.002189778
1.017830014,0.002198369
1.020055771,0.00220858
1.021935225,0.002216444
1.023949265,0.002225968
1.025965929,0.002235628
1.028062463,0.002244208
1.030067921,0.002253028
1.031928182,0.00226027
1.03382504,0.002268177
1.035982728,0.002276887
1.038020849,0.002284782
1.039985061,0.002293039
1.04200232,0.002300865
1.043966413,0.002308334
1.046003819,0.002316275
1.048005581,0.002324119
1.049859881,0.0023302
1.052061558,0.002338541
1.053817987,0.00234468
1.056052089,0.002352607
1.058098435,0.002360781
1.059974313,0.00236691
1.062105179,0.002374056
1.063886642,0.002379725
1.066022277,0.002387243
1.068063974,0.002393844
1.069905162,0.002399452
1.072033286,0.002406443
1.074113965,0.002414177
1.076160908,0.002420731
1.077937007,0.00242494
1.079947948,0.002430684
1.082084179,0.002437537
1.084015489,0.002442534
1.086080432,0.002449675
1.088008523,0.002453994
1.090005398,0.002459649
1.092046738,0.002465405
1.093975782,0.002471694
1.096022487,0.002476693
1.098126888,0.002483304
1.099920869,0.002487811
1.102025628,0.002492609
1.104014874,0.002497371
1.106041789,0.002504198
1.108076334,0.002508671
1.110018015,0.002513331
1.112061024,0.002519239
1.114101648,0.002524165
1.116099954,0.002529058
1.117894173,0.002532812
1.119937778,0.002537982
1.121902466,0.002542822
1.124112248,0.002547652
1.125924945,0.002552237
1.12800014,0.002557023
1.129983306,0.002562016
1.131980658,0.002565585
1.133995533,0.002570901
1.136083126,0.002575407
1.137907267,0.002578385
1.139991522,0.0025827
1.142066956,0.002588352
1.143974066,0.00259149
1.145939589,0.002596295
1.148052216,0.002601091
1.150073528,0.002605384
1.152001619,0.002608275
1.15398562,0.002612505
1.155942321,0.002616128
1.158064842,0.002621508
1.159987211,0.002624976
1.162040114,0.002629477
1.16400075,0.00263363
1.166072369,0.002637429
1.168004274,0.002641801
1.169964552,0.002643998
1.171905994,0.002647831
1.174027443,0.002651838
1.175984144,0.002655609
1.178100944,0.002660719
1.179876447,0.002663322
1.182014823,0.002667923
1.184143901,0.00267145
1.186039448,0.00267535
1.188035846,0.002678544
1.190113187,0.002682631
1.191940427,0.002685258
1.194004774,0.002689477
1.195907116,0.002693679
1.198045492,0.002697492
1.199995637,0.002701096
1.202015638,0.002703462
1.204009056,0.002708187
1.206029058,0.002711529
1.208097935,0.002716124
1.210112095,0.00271943
1.212057114,0.002723223
1.214131236,0.002727348
1.216049075,0.002730729
1.218013048,0.002733832
1.220151424,0.002738013
1.222008824,0.002741485
1.22399354,0.002745133
1.226192355,0.002750138
1.227894187,0.002752753
1.230043054,0.002757845
1.232156754,0.002763084
1.234133244,0.002766327
1.23593986,0.002768772
1.238216639,0.002774786
1.240163088,0.002780039
1.242001534,0.002783284
1.24406743,0.002787995
1.246035218,0.002792209
1.247934103,0.002796137
1.249971628,0.002801077
1.251909494,0.002805825
1.253922939,0.002810268
1.255984783,0.002816027
1.258037567,0.002821318
1.260139823,0.002827273
1.262209296,0.002832909
1.264119029,0.002837428
1.266076565,0.002842749
1.268025279,0.002848594
1.269925117,0.002853814
1.272048473,0.002860724
1.273984909,0.002865977
1.275985718,0.00287259
1.278208017,0.002880405
1.280100226,0.002886203
1.282099009,0.002893349
1.283997416,0.002899709
1.285997987,0.002907343
1.288070321,0.002914605
1.290153146,0.002922294
1.291905761,0.002928652
1.294031739,0.002937411
1.295978665,0.002945482
1.298240304,0.002955087
1.300041437,0.002963043
1.30213201,0.002971727
1.304114819,0.002981123
1.306096792,0.002990874
1.307953119,0.002998232
1.310152054,0.003010156
1.31203711,0.003018562
1.314035654,0.003029648
1.315995812,0.003039819
1.318071723,0.00305163
1.320020676,0.003061187
1.32198751,0.003073544
1.324032545,0.003084776
1.326119542,0.003097811
1.32810533,0.003109863
1.330012202,0.003121844
1.332057953,0.003135007
1.334090114,0.003148023
1.33594346,0.003161065
1.338171244,0.003176598
1.340038419,0.003189493
1.342118621,0.003204414
1.343932629,0.003217955
1.346069455,0.003233894
1.348044276,0.003250394
1.349996328,0.003265695
1.35218811,0.003282793
1.354234695,0.003299457
1.355979562,0.003315858
1.358156323,0.003334666
1.360139012,0.003351841
1.362125039,0.003370389
1.364103675,0.003389263
1.365987659,0.003407307
1.368129849,0.003427485
1.370065451,0.003448121
1.372054458,0.003468177
1.374123454,0.003490163
1.376044512,0.003511215
1.378015161,0.003532513
1.380092382,0.003556011
1.382075787,0.00357881
1.38399601,0.003601363
1.386121988,0.003627748
1.387941718,0.003651154
1.389901996,0.003676231
1.391979337,0.00370269
1.394104838,0.003729808
1.395936728,0.003756356
1.398139954,0.003786079
1.399913073,0.003812901
1.401981711,0.003841668
1.404068589,0.003872746
1.406017661,0.003903
1.408082843,0.003934624
1.410083652,0.003967284
1.411961317,0.00399927
1.414138317,0.004033697
1.41603601,0.004066066
1.418022752,0.004102358
1.420028806,0.004138114
1.42208004,0.004174373
1.424060345,0.004211996
1.426016331,0.004250122
1.427992702,0.004289294
1.43009758,0.0043302
1.432185769,0.004371298
1.433967471,0.004411975
1.435977817,0.004455249
1.438058019,0.004499899
1.44010663,0.004544492
1.442041039,0.004590422
1.443945408,0.004635882
1.446074128,0.004683578
1.448076367,0.00473214
1.450104475,0.00478271
1.452097058,0.004832606
1.454058886,0.004883522
1.455951214,0.004936063
1.458158851,0.004989641
1.460134149,0.005045261
1.462129474,0.005099934
1.46404624,0.005157054
1.465956688,0.00521418
1.468008757,0.005273063
1.469913125,0.005333037
1.471933246,0.005394465
1.474043965,0.005457019
1.475819826,0.00551991
1.478091359,0.005586191
1.480046272,0.005651046
1.482214451,0.00571904
1.48404789,0.005786534
1.486040592,0.005854712
1.487985015,0.005925964
1.489918709,0.005997151
1.492144585,0.006069561
1.494133711,0.006144018
1.495996952,0.006218357
1.498096943,0.006294392
1.500068665,0.006372472
1.502028108,0.006450441
1.503921747,0.006531636
1.506134272,0.006613519
1.507981062,0.006694157
1.510088086,0.006778865
1.511856794,0.006862738
1.514169574,0.006950682
1.516006231,0.007036457
1.51816833,0.007124959
1.519898295,0.007214866
1.52205348,0.007306071
1.524062037,0.007399182
1.526068091,0.007492122
1.528075457,0.007587418
1.530134797,0.00768287
1.532034516,0.007779727
1.533798099,0.007877127
1.535994291,0.007977463
1.53792274,0.008078611
1.540035605,0.008182207
1.542043447,0.008285051
1.544047356,0.008389039
1.545994878,0.008495693
1.547874093,0.008600771
1.550151706,0.008710017
1.551924467,0.008818306
1.553876758,0.008929264
1.556261063,0.009042473
1.558077574,0.009154724
1.559897423,0.009269837
1.561973333,0.009384438
1.564091682,0.00950095
1.566036582,0.009618754
1.56793499,0.009737032
1.570090294,0.009859476
1.572100401,0.009980042
1.57407856,0.010101645
1.576129079,0.010225726
1.577967286,0.010349053
1.579917908,0.010475393
1.581774831,0.010601295
1.584058404,0.010731429
1.586034894,0.010861014
1.587663889,0.01098883
1.587915659,0.010999871
1.587915659,0.010999871
1.587915659,0.010999871
1.587915659,0.010999871
1.587915659,0.010999871
1.587915659,0.010999871
1.587915659,0.010999871
1.587915659,0.010999871
1.587915659,0.010999871
1.587915659,0.010999871
1.587915659,0.010999871
1.587915659,0.010999871
1.587915659,0.010999871
1.587915659,0.010999871
1.587915659,0.010999871
1.587915659,0.010999871
1.587915659,0.010999871
1.587915659,0.010999871
1.587915659,0.010999871
1.587915659,0.010999871
1.587915659,0.010999871
1.587915659,0.010999871
1.587915659,0.010999871
1.587915659,0.010999871
1.587915659,0.010999871
1.587915659,0.010999871
1.587915659,0.010999871
1.587915659,0.010999871
1.587915659,0.010999871
1.587915659,0.010999871
1.650041938,0.015621696
1.652080417,0.015796565
1.654074788,0.015959576
1.656306505,0.016133099
1.658133745,0.016283697
1.660206795,0.016460052
1.662164927,0.016628279
1.664248586,0.016805443
1.666123152,0.016965042
1.668186545,0.017139915
1.670300126,0.017312134
1.672324657,0.017493187
1.674197793,0.017662035
1.676046729,0.017829859
1.67805934,0.018001877
1.680097938,0.01818412
1.682165623,0.018364351
1.684036136,0.018533627
1.68625021,0.018729134
1.688209534,0.018904278
1.690048933,0.019077831
1.692232251,0.019276577
1.694225669,0.019445631
1.69605577,0.019626507
1.698425531,0.019835791
1.70013988,0.02000242
1.699411631,0.019785471
1.697499275,0.019422009
1.695373893,0.019042
1.693424702,0.018689857
1.691527605,0.018337229
1.689350605,0.017971104
1.687425852,0.017634531
1.685292363,0.01728297
1.683489442,0.016968388
1.681624651,0.01663736
1.679432511,0.016302565
1.677363873,0.015969005
1.67543757,0.01566058
1.673597336,0.015359282
1.67141068,0.015034189
1.669551015,0.0147415
1.6674155,0.014435555
1.665412307,0.014133234
1.66350019,0.013846552
1.661447644,0.013548764
1.659462094,0.013265855
1.657377481,0.012975629
1.655421495,0.012698992
1.653344154,0.012429658
1.651213527,0.012154308
1.649459481,0.011898709
1.647489548,0.01163306
1.6455338,0.011379237
1.643498659,0.011122993
1.641325355,0.010858379
1.639442563,0.010617056
1.637410402,0.01036741
1.635493875,0.010133195
1.633370638,0.009890763
1.631339669,0.009648194
1.629399657,0.009420103
1.627319932,0.009180667
1.62547946,0.00897572
1.623497248,0.008755184
1.621326089,0.008526863
1.619413733,0.008327122
1.617415547,0.008110805
1.616272449,0.008003061
1.616272449,0.008003061
1.616272449,0.008003061
1.616272449,0.008003061
1.616272449,0.008003061
1.616272449,0.008003061
1.616272449,0.008003061
1.616272449,0.008003061
1.616272449,0.008003061
1.616272449,0.008003061
1.616272449,0.008003061
1.616272449,0.008003061
1.616272449,0.008003061
1.616272449,0.008003061
1.616272449,0.008003061
1.616272449,0.008003061
1.616272449,0.008003061
1.616272449,0.008003061
1.616272449,0.008003061
1.616272449,0.008003061
1.616272449,0.008003061
1.616272449,0.008003061
1.616272449,0.008003061
1.616272449,0.008003061
1.616272449,0.008003061
1.616272449,0.008003061
1.616272449,0.008003061
1.616272449,0.008003061
1.616272449,0.008003061
1.616272449,0.008003061
1.616272449,0.008003061
1.553660274,0.003080737
1.551594019,0.002976244
1.549595594,0.002873201
1.547363639,0.002774274
1.545580983,0.00267842
1.543402791,0.002584311
1.541636825,0.002495428
1.539347649,0.002407016
1.537305117,0.002319434
1.535363555,0.002236882
1.533403397,0.002156511
1.531388521,0.00207874
1.529308796,0.002003181
1.527479529,0.001930252
1.525501609,0.001859809
1.52338469,0.001790172
1.521493673,0.001723302
1.519411802,0.001659343
1.51733613,0.001596003
1.515377641,0.001536642
1.5133425,0.001477297
1.511421204,0.001420565
1.509475112,0.001365431
1.50741756,0.001313326
1.505376577,0.001261372
1.503387809,0.001212263
1.501444817,0.001164288
1.49956727,0.001119946
1.497340202,0.001073418
1.495361686,0.001029998
1.493473411,0.000989864
1.491424561,0.000949481
1.48935771,0.000911054
1.487360239,0.000873372
1.485310674,0.000837282
1.483310699,0.000803258
1.483133912,0.000800228
1.483133912,0.000800228
1.483133912,0.000800228
1.483133912,0.000800228
1.483133912,0.000800228
1.483133912,0.000800228
1.483133912,0.000800228
1.483133912,0.000800228
1.483133912,0.000800228
1.483133912,0.000800228
1.483133912,0.000800228
1.483133912,0.000800228
1.483133912,0.000800228
1.483133912,0.000800228
1.483133912,0.000800228
1.483133912,0.000800228
1.483133912,0.000800228
1.483133912,0.000800228
1.483133912,0.000800228
1.483133912,0.000800228
1.483133912,0.000800228
1.483133912,0.000800228
1.483133912,0.000800228
1.483133912,0.000800228
1.483133912,0.000800228
1.483133912,0.000800228
1.483133912,0.000800228
1.483133912,0.000800228
1.483133912,0.000800228
1.483133912,0.000800228
1.421197295,0.000167946
1.419343233,0.000158286
1.417449355,0.000147904
1.41516757,0.000137888
1.413352847,0.000127912
1.411120415,0.000120145
1.409234405,0.000110964
1.407097459,0.000102197
1.405233264,0.0000932
1.403321266,0.0000862
1.401802063,0.00008
1.401802063,0.00008
1.401802063,0.00008
1.401802063,0.00008
1.401802063,0.00008
1.401802063,0.00008
1.401802063,0.00008
1.401802063,0.00008
1.401802063,0.00008
1.401802063,0.00008
1.401802063,0.00008
1.401802063,0.00008
1.401802063,0.00008
1.401802063,0.00008
1.401802063,0.00008
1.401802063,0.00008
1.401802063,0.00008
1.401802063,0.00008
1.401802063,0.00008
1.401802063,0.00008
1.401802063,0.00008
1.401802063,0.00008
1.401802063,0.00008
1.401802063,0.00008
1.401802063,0.00008
1.401802063,0.00008
1.401802063,0.00008
1.401802063,0.00008
1.401802063,0.00008
1.401802063,0.00008
1.401802063,0.00008
1.339433193,-0.000067
1.337332845,-0.0000706
1.335273266,-0.0000733
1.33342123,-0.000075
1.331242681,-0.0000785
1.329129815,-0.0000807
1.327378988,-0.0000828
1.325401545,-0.000086
1.323075056,-0.0000881
1.321188569,-0.0000906
1.319253922,-0.0000925
1.317366481,-0.0000949
1.315214157,-0.0000968
1.313239455,-0.0000997
1.311324596,-0.000102162
1.309333682,-0.000103586
1.307232499,-0.000104994
1.305294991,-0.00010737
1.303262234,-0.000109397
1.30243516,-0.00010998
1.30243516,-0.00010998
1.30243516,-0.00010998
1.30243516,-0.00010998
1.30243516,-0.00010998
1.30243516,-0.00010998
1.30243516,-0.00010998
1.30243516,-0.00010998
1.30243516,-0.00010998
1.30243516,-0.00010998
1.30243516,-0.00010998
1.30243516,-0.00010998
1.30243516,-0.00010998
1.30243516,-0.00010998
1.30243516,-0.00010998
1.30243516,-0.00010998
1.30243516,-0.00010998
1.30243516,-0.00010998
1.30243516,-0.00010998
1.30243516,-0.00010998
1.30243516,-0.00010998
1.30243516,-0.00010998
1.30243516,-0.00010998
1.30243516,-0.00010998
1.30243516,-0.00010998
1.30243516,-0.00010998
1.30243516,-0.00010998
1.30243516,-0.00010998
1.30243516,-0.00010998
1.30243516,-0.00010998
1.241332173,-0.000157878
1.239002466,-0.000159303
1.23707068,-0.000160544
1.235170722,-0.000161587
1.23319602,-0.000163099
1.231293559,-0.000164268
1.229196429,-0.000165362
1.227212548,-0.000166488
1.22527492,-0.000167479
1.223137379,-0.000170268
1.221143842,-0.000170216
1.219210148,-0.000171848
1.217173815,-0.000172741
1.215233564,-0.000174442
1.213309288,-0.000174972
1.211130261,-0.000176259
1.209134936,-0.000178868
1.207199693,-0.000179435
1.205112696,-0.000180736
1.203202844,-0.000181984
1.201093674,-0.000182825
1.199266076,-0.000184265
1.197236419,-0.000185488
1.195053935,-0.000186956
1.193198085,-0.000188166
1.191130877,-0.000188719
1.189072967,-0.000190464
1.187175274,-0.000191356
1.185270548,-0.000192585
1.183263183,-0.000193967
1.181168795,-0.000195621
1.179095149,-0.000195824
1.177120328,-0.000197658
1.1751827,-0.000198574
1.173079371,-0.000200516
1.17130816,-0.000201339
1.169201851,-0.000203155
1.167084694,-0.000204184
1.165117502,-0.000205209
1.163288236,-0.000206746
1.160811424,-0.000208019
1.159082294,-0.000209121
1.157250524,-0.000210445
1.155115008,-0.000211451
1.153157592,-0.000213645
1.15107286,-0.000214279
1.149214268,-0.000215835
1.147139311,-0.000216733
1.145205855,-0.000218481
1.143194079,-0.000219386
1.141286731,-0.000220055
1.139191508,-0.000222172
1.137125969,-0.000223736
1.135201216,-0.000224883
1.133238554,-0.000226324
1.131213427,-0.000228412
1.129190564,-0.00022904
1.127157569,-0.000230683
1.125100732,-0.000231716
1.123201013,-0.000232656
1.121243596,-0.00023458
1.11915195,-0.000235817
1.117273808,-0.000237548
1.115197301,-0.000239277
1.113156438,-0.000240267
1.111049533,-0.000242202
1.109218359,-0.000243834
1.106985211,-0.000244769
1.105391979,-0.00024627
1.103221297,-0.000247585
1.101139069,-0.000249597
1.09931457,-0.000250862
1.09715271,-0.000252537
1.095056653,-0.000254406
1.093215466,-0.000255467
1.091135502,-0.000256507
1.089284182,-0.000258591
1.08711493,-0.000260241
1.085104585,-0.000261574
1.083377004,-0.000262855
1.081189871,-0.000265225
1.079083681,-0.000266413
1.077214241,-0.000267769
1.075200438,-0.000269311
1.073194385,-0.000271046
1.071166992,-0.000272604
1.069139004,-0.000274392
1.067278385,-0.000275684
1.065183401,-0.000278065
1.06315434,-0.000279146
1.061179161,-0.000281313
1.059016824,-0.000282643
1.057169557,-0.000284273
1.055039763,-0.000286223
1.053091407,-0.000287844
1.05098331,-0.000288951
1.049129605,-0.000290928
1.047099471,-0.000292952
1.044987798,-0.000295212
1.043117523,-0.000295991
1.041210175,-0.000297872
1.039128065,-0.000299377
1.037111521,-0.000301631
1.035208344,-0.0003029
1.033245325,-0.000304786
1.031042099,-0.000307189
1.029230237,-0.000308889
1.027282834,-0.000310243
1.025205016,-0.000311917
1.0232445,-0.000315344
1.021032333,-0.00031622
1.01896739,-0.000317937
1.017025948,-0.000320576
1.014993429,-0.000322401
1.013263583,-0.000323401
1.011127114,-0.000325856
1.009042501,-0.00032772
1.007379413,-0.000329361
1.005178452,-0.000331396
1.003262877,-0.000333013
1.001241326,-0.000335201
0.99914664,-0.000338078
0.997183502,-0.000339867
0.995128274,-0.00034117
0.993129969,-0.00034333
0.99106729,-0.00034584
0.989309251,-0.000348303
0.987083435,-0.000349657
0.985113859,-0.000351978
0.982992113,-0.000354207
0.981250465,-0.000356211
0.979342937,-0.000358121
0.977085412,-0.000360432
0.975234509,-0.000362705
0.973088801,-0.000365063
0.971232712,-0.000366945
0.969361901,-0.000369486
0.967248797,-0.000371553
0.965040565,-0.000373946
0.963111162,-0.000375793
0.961086869,-0.000378842
0.959241927,-0.000380721
0.957063913,-0.000383263
0.955256999,-0.000385483
0.952992797,-0.000387757
0.951296151,-0.000390457
0.949236691,-0.0003925
0.9471066,-0.000394997
0.944967031,-0.000397647
0.943263412,-0.00039948
0.941039801,-0.000402164
0.939055979,-0.000404372
0.937169313,-0.000407539
0.935119748,-0.000410086
0.932944238,-0.000412653
0.931181073,-0.000414705
0.929011464,-0.000417497
0.927028239,-0.000420056
0.924926758,-0.000422945
0.923007667,-0.000425391
0.921066701,-0.000428093
0.91915369,-0.000430407
0.917058706,-0.000433166
0.915046453,-0.000435773
0.913042307,-0.000438621
0.911101043,-0.00044175
0.9089486,-0.000444739
0.907101989,-0.000446765
0.905265927,-0.000450803
0.903051019,-0.000453266
0.900977492,-0.00045564
0.899154782,-0.000458487
0.897175014,-0.000461664
0.895312965,-0.000464386
0.893070698,-0.000467616
0.891022205,-0.000470488
0.889049113,-0.000473595
0.887333155,-0.000476169
0.885177433,-0.000478884
0.883195519,-0.000482744
0.881294608,-0.000485855
0.879244566,-0.000488745
0.877361059,-0.000491959
0.875101805,-0.000495539
0.873023331,-0.000498091
0.871049702,-0.000501871
0.868964672,-0.000504944
0.867167056,-0.000508401
0.865032375,-0.000511594
0.863014221,-0.000515227
0.861079514,-0.000518695
0.859184623,-0.000521868
0.857152343,-0.000525398
0.855179965,-0.00052844
0.853036582,-0.000532713
0.851197302,-0.000535603
0.849055588,-0.000539697
0.847150505,-0.000542798
0.84506613,-0.000547241
0.843133628,-0.000550417
0.841047227,-0.000554344
0.839075327,-0.000558158
0.837205887,-0.000562249
0.83518815,-0.000565132
0.833117545,-0.00057
0.831181109,-0.000573173
0.829168499,-0.000577117
0.827124774,-0.000581608
0.825035393,-0.000585711
0.823131502,-0.000589497
0.820953727,-0.000593745
0.818951011,-0.00059785
0.816840112,-0.00060225
0.814996362,-0.000606849
0.813168287,-0.000610617
0.81093657,-0.000615058
0.808828354,-0.000619696
0.806912124,-0.000624069
0.804985762,-0.000628664
0.803103268,-0.00063297
0.800929666,-0.000637985
0.798989594,-0.000642038
0.797002852,-0.000647453
0.795201719,-0.000651272
0.79312551,-0.000656286
0.790992677,-0.000661195
0.789167106,-0.000666521
0.787064254,-0.000671203
0.785093427,-0.000676351
0.78286314,-0.000681376
0.781119108,-0.000686708
0.779155672,-0.000691386
0.7770769,-0.000697178
0.775035977,-0.00070262
0.772974312,-0.000707947
0.770992637,-0.000713157
0.76898998,-0.000718716
0.767031968,-0.000724584
0.76515919,-0.000730191
0.76307869,-0.000735825
0.761083186,-0.000741592
0.759192348,-0.000747276
0.757090628,-0.000753595
0.754952908,-0.000759726
0.753073454,-0.0007654
0.751152337,-0.000771728
0.749015272,-0.000778482
0.747002482,-0.000784723
0.745025277,-0.00079055
0.742998064,-0.0007969
0.741208971,-0.000803418
0.739121079,-0.000810052
0.73695296,-0.000817168
0.735159576,-0.000823304
0.733097196,-0.000830668
0.731092036,-0.000837655
0.729068816,-0.000844485
0.727225959,-0.000851565
0.725116432,-0.000858944
0.723065257,-0.000866042
0.721187949,-0.000873062
0.718919277,-0.000880647
0.716986835,-0.000888292
0.715227187,-0.00089593
0.713038445,-0.000903676
0.711043358,-0.000911261
0.709172368,-0.000919261
0.707164288,-0.000927152
0.705128849,-0.000935368
0.702998996,-0.000942991
0.701161385,-0.000951642
0.699061453,-0.000960029
0.696892142,-0.000968994
0.695233047,-0.000977377
0.693066061,-0.000986074
0.691085577,-0.000995004
0.688998282,-0.001003908
0.68698132,-0.001012841
0.684891641,-0.001022522
0.682914555,-0.001031683
0.681002975,-0.001041277
0.67901969,-0.001050726
0.67710489,-0.001060511
0.674989641,-0.001069972
0.672985673,-0.001080531
0.671097457,-0.001090608
0.669571102,-0.001099824
0.669571102,-0.001099824
0.669571102,-0.001099824
0.669571102,-0.001099824
0.669571102,-0.001099824
0.669571102,-0.001099824
0.669571102,-0.001099824
0.669571102,-0.001099824
0.669571102,-0.001099824
0.669571102,-0.001099824
0.669571102,-0.001099824
0.669571102,-0.001099824
0.669571102,-0.001099824
0.669571102,-0.001099824
0.669571102,-0.001099824
0.669571102,-0.001099824
0.669571102,-0.001099824
0.669571102,-0.001099824
0.669571102,-0.001099824
0.669571102,-0.001099824
0.669571102,-0.001099824
0.669571102,-0.001099824
0.669571102,-0.001099824
0.669571102,-0.001099824
0.669571102,-0.001099824
0.669571102,-0.001099824
0.669571102,-0.001099824
0.669571102,-0.001099824
0.669571102,-0.001099824
0.669571102,-0.001099824
0.669571102,-0.001099824
0.608084559,-0.001470274
0.605747223,-0.001510543
0.603402734,-0.001546117
0.601216614,-0.001561267
0.599276721,-0.001575781
0.597239733,-0.001592891
0.595114708,-0.001610355
0.593120694,-0.001628183
0.59135735,-0.001644268
0.589065552,-0.001664895
0.587175786,-0.001682042
0.585241318,-0.001701515
0.583375096,-0.001719933
0.58132875,-0.001740383
0.579187095,-0.001760188
0.577239335,-0.001780136
0.575235665,-0.001799855
0.57327342,-0.001820941
0.571233988,-0.001842656
0.569431007,-0.001863832
0.56718564,-0.001886622
0.565381825,-0.001908068
0.56344831,-0.001930929
0.561438203,-0.001954133
0.559359252,-0.001978322
0.557326615,-0.002003332
0.555287004,-0.002026722
0.553376198,-0.002051647
0.551348209,-0.002076792
0.549173474,-0.002104154
0.547300816,-0.002129913
0.545283496,-0.002157912
0.543179035,-0.002186735
0.541247249,-0.002214305
0.539255798,-0.002242899
0.537053168,-0.002273097
0.535166681,-0.00230092
0.533043563,-0.00233097
0.531028211,-0.002360938
0.529152751,-0.00238973
0.527024567,-0.002420031
0.524962008,-0.002450817
0.523117542,-0.00248132
0.520967126,-0.002513935
0.519026697,-0.002544807
0.517187953,-0.002576462
0.514980197,-0.002610136
0.513036609,-0.002643569
0.511200607,-0.002676702
0.509038568,-0.002711361
0.507068157,-0.002746584
0.505043805,-0.002782232
0.503028572,-0.00281738
0.501077235,-0.002854249
0.498851985,-0.002891504
0.497134119,-0.002928346
0.495091736,-0.00296613
0.493037611,-0.003005724
0.490947843,-0.003046173
0.488973767,-0.003086536
0.486842036,-0.003127958
0.485012174,-0.003167774
0.482912928,-0.003210254
0.481026709,-0.003252441
0.479120851,-0.003296044
0.476988137,-0.003340528
0.474911422,-0.003386659
0.473006964,-0.003432408
0.470923781,-0.003478683
0.468925893,-0.003527461
0.466994017,-0.00357355
0.465008318,-0.003624562
0.463031381,-0.003674589
0.461096942,-0.003723708
0.458948106,-0.003776979
0.457155794,-0.003829705
0.454893649,-0.003884558
0.453048289,-0.003938487
0.450978667,-0.00399472
0.44897446,-0.004052248
0.446980357,-0.004109798
0.444870919,-0.004169744
0.443086743,-0.004227418
0.440932751,-0.004289691
0.439015627,-0.004351073
0.437104404,-0.004414869
0.435109824,-0.00447859
0.432900578,-0.004545402
0.430906266,-0.004610786
0.429060847,-0.004677359
0.427056551,-0.00474575
0.425134152,-0.004814827
0.423029095,-0.004885827
0.421062142,-0.0049574
0.41905567,-0.005028893
0.417068779,-0.00510219
0.415087789,-0.00517624
0.413185149,-0.005250422
0.41116336,-0.005325873
0.408985794,-0.005402776
0.407047004,-0.005478504
0.405095875,-0.005556167
0.402971804,-0.005634558
0.401165217,-0.005711357
0.399133235,-0.005789485
0.396905512,-0.005870073
0.394998461,-0.005947757
0.393056899,-0.006026951
0.391013771,-0.006104565
0.389025867,-0.006183491
0.386859834,-0.006261538
0.385147244,-0.006339573
0.383060545,-0.006416673
0.381036192,-0.00649501
0.379150987,-0.006568984
0.377032578,-0.006645636
0.375034511,-0.006720599
0.372856975,-0.006795797
0.371061236,-0.006866467
0.368955404,-0.006939637
0.366866916,-0.007009864
0.365004599,-0.007078985
0.363154888,-0.007145716
0.361055017,-0.007213824
0.35901767,-0.007277983
0.357016772,-0.00734145
0.355004847,-0.007403465
0.352806002,-0.007464483
0.350798935,-0.007523767
0.348953515,-0.007579823
0.347007573,-0.007633889
0.344979852,-0.007688492
0.342881978,-0.007739613
0.340953827,-0.007788613
0.338820845,-0.007837568
0.337049156,-0.007882476
0.334808767,-0.007926924
0.332844168,-0.007970467
0.331033736,-0.008007357
0.328979462,-0.008046309
0.326879591,-0.008083265
0.324988067,-0.008117789
0.32285887,-0.008150846
0.320888758,-0.008182237
0.318921149,-0.008210734
0.316952795,-0.008238572
0.314894497,-0.008263184
0.313003182,-0.008287798
0.311004192,-0.008308528
0.308953226,-0.008331361
0.306882977,-0.00834927
0.305005908,-0.008366842
0.302835852,-0.008383541
0.300754935,-0.008398321
0.298925966,-0.008408711
0.296832621,-0.008420783
0.294811308,-0.008429862
0.292982697,-0.008437563
0.290825009,-0.008443369
0.288964719,-0.008448589
0.286912441,-0.008451629
0.285123646,-0.008452154
0.282978803,-0.008452719
0.280928314,-0.008452068
0.278902709,-0.008448963
0.276846677,-0.008445535
0.274612844,-0.008439295
0.272926331,-0.008431298
0.270789742,-0.008421837
0.268889487,-0.00840988
0.266829878,-0.008396324
0.264746159,-0.008382331
0.262926459,-0.008364768
0.261023492,-0.00834628
0.258996159,-0.008324809
0.257039756,-0.008302372
0.254858673,-0.008278648
0.253138304,-0.008250819
0.250816733,-0.008223105
0.248877436,-0.008192526
0.246616259,-0.008160683
0.244929612,-0.008123481
0.242764786,-0.00808587
0.240897655,-0.008046241
0.238761336,-0.00800374
0.236844674,-0.007960373
0.234779656,-0.007912098
0.232861131,-0.007862819
0.230802253,-0.007811073
0.228814363,-0.007757771
0.226912215,-0.007699595
0.224802405,-0.007641453
0.222753748,-0.007580519
0.220797554,-0.007517254
0.218730152,-0.007451373
0.216993406,-0.007382774
0.214814916,-0.007312923
0.212799877,-0.007241511
0.210805699,-0.007166947
0.20876126,-0.007091372
0.206782594,-0.007013529
0.20476374,-0.006936918
0.202614859,-0.006854874
0.200628981,-0.006773195
0.198847339,-0.006687461
0.196938753,-0.006604029
0.194716081,-0.006519998
0.192856207,-0.006433686
0.19079493,-0.006347507
0.188708857,-0.006261114
0.186732039,-0.006173987
0.184704721,-0.006088164
0.182768002,-0.006000291
0.18082048,-0.005913895
0.178605229,-0.005827924
0.176677316,-0.005741395
0.174724981,-0.005656771
0.172796324,-0.005571584
0.170691162,-0.005488652
0.168786615,-0.005405704
0.166872814,-0.005323964
0.164815485,-0.005244472
0.162789866,-0.005165744
0.1608551,-0.005089448
0.158805296,-0.005012849
0.156736925,-0.004940313
0.154831558,-0.004867687
0.152699843,-0.00479782
0.150897846,-0.004728828
0.148834452,-0.004662958
0.146857962,-0.0045975
0.144691095,-0.004536183
0.142804876,-0.004475017
0.140588522,-0.004418031
0.138949141,-0.00435831
0.13690789,-0.004305057
0.134860605,-0.004253047
0.13283655,-0.004203086
0.13077946,-0.004154394
0.128902197,-0.004107831
0.126738682,-0.004064158
0.124890774,-0.004021178
0.122770227,-0.003980573
0.120811246,-0.003942979
0.118883923,-0.003905095
0.116897866,-0.003871034
0.114727087,-0.00383881
0.112706058,-0.003808269
0.110733718,-0.003778194
0.10894236,-0.003749571
0.106744647,-0.003724938
0.10477981,-0.003701406
0.102848694,-0.003678082
0.100617819,-0.003658788
0.098812707,-0.003638166
0.09681467,-0.003620181
0.09478417,-0.003602926
0.092829846,-0.003588568
0.09080404,-0.003574148
0.088725127,-0.003562359
0.086689025,-0.003551077
0.084712811,-0.003541056
0.082780764,-0.00353178
0.080825768,-0.003524509
0.078901917,-0.003516777
0.076890819,-0.003511983
0.074712433,-0.003507768
0.072843522,-0.00350573
0.070623718,-0.003505162
0.068882585,-0.003503781
0.066928893,-0.00350325
0.064608,-0.00350858
0.062710039,-0.003509428
0.060673859,-0.003514266
0.058727581,-0.003517809
0.056751408,-0.003525155
0.054746468,-0.003531203
0.052737348,-0.003539505
0.050879732,-0.00354786
0.048711333,-0.003558944
0.046798415,-0.003568807
0.044826131,-0.003580103
0.042988069,-0.003590864
0.040963955,-0.003604718
0.038799256,-0.003618738
0.036927272,-0.003633368
0.034741547,-0.003649177
0.032825563,-0.003665734
0.030973449,-0.003681235
0.028803477,-0.003699903
0.026710033,-0.003716607
0.02488995,-0.003735312
0.022855124,-0.0037542
0.020656019,-0.003775633
0.018729633,-0.003794328
0.016732711,-0.003815049
0.014842718,-0.003834563
0.012801976,-0.003856864
0.01077621,-0.003880382
0.008932967,-0.003898848
0.006770046,-0.003921989
0.005001337,-0.003943608
0.002661966,-0.00396713
0.000677081,-0.003990903
-0.001164232,-0.004014528
-0.003141592,-0.004037111
-0.005088729,-0.00405933
-0.007092295,-0.004083173
-0.009094218,-0.004107633
-0.011329993,-0.004132731
-0.013124225,-0.004155873
-0.015337234,-0.004181564
-0.017398771,-0.004206947
-0.019255046,-0.004232382
-0.02106786,-0.00425654
-0.023129232,-0.00428432
-0.025067993,-0.004309869
-0.027114801,-0.004339239
-0.029069766,-0.004364464
-0.031161156,-0.004394703
-0.033178929,-0.004422685
-0.035145205,-0.004452489
-0.037343398,-0.004482525
-0.039326027,-0.004512249
-0.041283842,-0.004541339
-0.043240383,-0.004571353
-0.045222048,-0.004601293
-0.047249958,-0.004632995
-0.04907367,-0.00466064
-0.051014867,-0.004692254
-0.053097229,-0.004721809
-0.055220772,-0.004753085
-0.056999601,-0.004781493
-0.059223283,-0.00481362
-0.061223432,-0.004842444
-0.063202485,-0.004870408
-0.065052807,-0.004899423
-0.067283891,-0.004929094
-0.069317803,-0.004957082
-0.07124453,-0.004985691
-0.07321649,-0.005013049
-0.075172476,-0.005041905
-0.077099554,-0.005067274
-0.079106376,-0.00509657
-0.081096597,-0.005123749
-0.083208732,-0.005152821
-0.08519762,-0.005179427
-0.087194853,-0.0052081
-0.089284465,-0.005236814
-0.091100037,-0.005265214
-0.09321969,-0.005294043
-0.095167451,-0.005324189
-0.097079813,-0.005352929
-0.09930262,-0.005384143
-0.101242013,-0.005413762
-0.10317228,-0.005444385
-0.105273142,-0.00547684
-0.107159883,-0.005507509
-0.109222472,-0.005540354
-0.1111174,-0.005572098
-0.113260046,-0.005604963
-0.115186661,-0.005637769
-0.117338806,-0.005672014
-0.119373553,-0.005705781
-0.121245906,-0.005737311
-0.123446651,-0.005772817
-0.125316441,-0.005805121
-0.127249002,-0.005838618
-0.129318401,-0.005871306
-0.131169423,-0.005904458
-0.133089066,-0.005937561
-0.135153353,-0.005971497
-0.137242541,-0.006005008
-0.139160097,-0.006037811
-0.141228363,-0.006071191
-0.143223688,-0.006104123
-0.145200759,-0.006134886
-0.147211298,-0.00616778
-0.149352714,-0.006198589
-0.151256636,-0.006228559
-0.153340057,-0.006258251
-0.155167133,-0.006286973
-0.1573378,-0.006314108
-0.159129009,-0.006339373
-0.161295116,-0.006365807
-0.163229287,-0.006388894
-0.165426046,-0.006411166
-0.167244986,-0.006432054
-0.169410691,-0.006451309
-0.171261787,-0.006468274
-0.173099145,-0.006481359
-0.1754383,-0.006499545
-0.17729488,-0.006509123
-0.179288998,-0.006520874
-0.181177795,-0.006528897
-0.183439672,-0.006538671
-0.185345784,-0.006542038
-0.187223524,-0.006547455
-0.189290449,-0.006549509
-0.191187426,-0.006551083
-0.193295985,-0.006550958
-0.19523713,-0.006549492
-0.197380945,-0.006545717
-0.199310809,-0.006541872
-0.201184228,-0.006535193
-0.203326955,-0.006529695
-0.205345824,-0.006520508
-0.207299441,-0.006511466
-0.209439397,-0.006500539
-0.211178824,-0.006488811
-0.213488415,-0.00647689
-0.215356037,-0.006462541
-0.21728909,-0.006447219
-0.219323963,-0.00643183
-0.22144413,-0.006416721
-0.223386467,-0.006402351
-0.225317508,-0.006385442
-0.22731787,-0.00637136
-0.229382366,-0.006357386
-0.231219545,-0.006345774
-0.233137876,-0.00633707
-0.235406533,-0.006334261
-0.237327814,-0.006334237
-0.239184991,-0.006339937
-0.241454631,-0.006353478
-0.243294448,-0.006374407
-0.24514474,-0.006403922
-0.247359782,-0.006446039
-0.249373212,-0.006496048
-0.251198232,-0.006558494
-0.25332728,-0.006631516
-0.255081832,-0.00671971
-0.257297993,-0.006820372
-0.259045243,-0.006931234
-0.261153758,-0.007056009
-0.263166875,-0.007193182
-0.265099376,-0.007340869
-0.267150134,-0.007500463
-0.269203663,-0.00767043
-0.271051884,-0.007851269
-0.273080975,-0.008041499
-0.27498129,-0.008240427
-0.277104229,-0.008447882
-0.279116809,-0.008664427
-0.281025887,-0.008886588
-0.282999426,-0.009118281
-0.28517735,-0.009355888
-0.287062526,-0.009600126
-0.289132446,-0.009849676
-0.290878713,-0.010104383
-0.293046534,-0.010365426
-0.29499042,-0.01063105
-0.29709959,-0.010902114
-0.297688961,-0.010999885
-0.297688961,-0.010999885
-0.296855003,-0.010574923
-0.295192719,-0.01011921
-0.292869776,-0.009676404
-0.290854692,-0.009250602
-0.289096326,-0.0088366
-0.286906064,-0.008430707
-0.285113662,-0.008034167
-0.28294313,-0.00764465
-0.281078726,-0.00726235
-0.278727949,-0.006882695
-0.276682228,-0.006512351
-0.275061131,-0.006150517
-0.273046017,-0.005790137
-0.270751476,-0.005433684
-0.268939257,-0.00508637
-0.266847044,-0.004740938
-0.264682949,-0.004400016
-0.262909114,-0.004067534
-0.26092115,-0.003737436
-0.258744925,-0.003413089
-0.257003695,-0.003097375
-0.255082071,-0.002784233
-0.252810985,-0.002474208
-0.250950813,-0.002173803
-0.248808339,-0.001877934
-0.246987686,-0.001591323
-0.244980648,-0.001308211
-0.243255347,-0.001037498
-0.241368607,-0.000802079
-0.241368607,-0.000802079
-0.241368607,-0.000802079
-0.241368607,-0.000802079
-0.241368607,-0.000802079
-0.241368607,-0.000802079
-0.241368607,-0.000802079
-0.241368607,-0.000802079
-0.226252422,0.000951886
-0.223740906,0.001218707
-0.221575856,0.001455618
-0.219229668,0.001661041
-0.217089459,0.001846105
-0.214982137,0.002014552
-0.212979123,0.002165805
-0.210880935,0.002300585
-0.208711237,0.002421962
-0.206652284,0.002524261
-0.204691216,0.00261118
-0.202928945,0.002684002
-0.200939402,0.00275
-0.198443323,0.002812552
-0.196293354,0.002860348
-0.194540411,0.002887203
-0.192493841,0.002902241
-0.190706372,0.002906729
-0.188530236,0.002908543
-0.186387539,0.002905181
-0.184186161,0.002897752
-0.182543188,0.002885347
-0.18054682,0.002872359
-0.178399205,0.002859265
-0.176648617,0.002842605
-0.174539,0.002826757
-0.172431931,0.002813473
-0.170464218,0.00279949
-0.16854012,0.002785211
-0.166556522,0.002772606
-0.164659113,0.002761168
-0.162830427,0.002748366
-0.16062513,0.002738055
-0.158679456,0.002727071
-0.156948894,0.002718342
-0.154992744,0.002722348
-0.152870789,0.002739374
-0.150698587,0.002752185
-0.148675278,0.002760087
-0.146656856,0.002763556
-0.144707724,0.002764957
-0.142694131,0.002776536
-0.140535936,0.002795016
-0.138742805,0.002804793
-0.136587769,0.002812582
-0.134619966,0.002817847
-0.132949322,0.002818597
-0.130729288,0.002821716
-0.128645554,0.002853967
-0.126656502,0.002899284
-0.124537013,0.002917431
-0.122485094,0.002930783
-0.120601863,0.002944644
-0.11845167,0.002959826
-0.116543218,0.002975008
-0.11458879,0.002990031
-0.11251732,0.003008622
-0.110562198,0.003025692
-0.108427353,0.003045344
-0.106464975,0.003062984
-0.10440053,0.003082321
-0.102224007,0.003101222
-0.100387685,0.003119124
-0.098671123,0.003134728
-0.096477345,0.003152621
-0.09464106,0.003168762
-0.092543468,0.003183102
-0.090505749,0.003194697
-0.088312738,0.00320641
-0.086320989,0.003214656
-0.084569432,0.003218476
-0.082527451,0.003218763
-0.080271967,0.00321794
-0.078389704,0.003209577
-0.076176412,0.003201288
-0.074296087,0.003184288
-0.072570309,0.003162617
-0.070417926,0.003139581
-0.068402968,0.003111679
-0.06631761,0.003080486
-0.064542197,0.003045927
-0.062460009,0.003009202
-0.060332034,0.002970728
-0.058415551,0.002929449
-0.056464855,0.002889213
-0.054340061,0.002849614
-0.052467875,0.002808211
-0.050590329,0.002768826
-0.048156168,0.002735012
-0.046419211,0.002698713
-0.044548862,0.002665782
-0.042388789,0.002636015
-0.040429402,0.002608881
-0.038454827,0.002584691
-0.036218069,0.002565483
-0.034556296,0.002545237
-0.03234604,0.002532084
-0.030831885,0.002517981
-0.028449336,0.00250988
-0.02637051,0.002502737
-0.024502235,0.002496316
-0.022353554,0.002493003
-0.020361058,0.002491585
-0.018456375,0.002489357
-0.016476592,0.002488356
-0.014359399,0.002488496
-0.012295172,0.002489503
-0.010396859,0.002486168
-0.008391374,0.002486253
-0.006312619,0.002484351
-0.00441133,0.002481804
-0.002435383,0.002478937
-0.000504034,0.002476273
0.001766231,0.002475502
0.003531052,0.002469288
0.005591015,0.00246228
0.00750487,0.002455999
0.009471824,0.002447953
0.011656148,0.002442099
0.013691089,0.00243165
0.0154674,0.002421916
0.017650729,0.002412342
0.019792357,0.002403013
0.021759946,0.002391803
0.023570498,0.002380561
0.025653996,0.002368839
0.027331751,0.002356056
0.029841227,0.00234743
0.03160445,0.002334698
0.033702791,0.002321958
0.035802092,0.00231223
0.037630048,0.002297233
0.039446898,0.002282071
0.041753795,0.00226864
0.043591801,0.002251043
0.045863863,0.002232255
0.047585577,0.002208082
0.049853198,0.00218399
0.051594589,0.002152166
0.053700782,0.002117213
0.055461716,0.00207412
0.05777669,0.002029631
0.05971092,0.00197529
0.061534617,0.001912945
0.063856736,0.001845084
0.065766752,0.001771861
0.067765623,0.001693071
0.069955871,0.001610261
0.071814194,0.001523738
0.073534615,0.001435084
0.07589487,0.001351652
0.077818088,0.001267023
0.079682879,0.001184617
0.081753731,0.001106857
0.083775625,0.001034522
0.085540377,0.000963083
0.087614097,0.00089952
0.089535005,0.000839515
0.091316126,0.000800394
0.091316126,0.000800394
0.091316126,0.000800394
0.091316126,0.000800394
0.091316126,0.000800394
0.091316126,0.000800394
0.091316126,0.000800394
0.091316126,0.000800394
0.091316126,0.000800394
0.091316126,0.000800394
0.091316126,0.000800394
0.091316126,0.000800394
0.091316126,0.000800394
0.091316126,0.000800394
0.091316126,0.000800394
0.091316126,0.000800394
0.091316126,0.000800394
0.091316126,0.000800394
0.091316126,0.000800394
0.091316126,0.000800394
0.091316126,0.000800394
0.091316126,0.000800394
0.091316126,0.000800394
0.091316126,0.000800394
0.091316126,0.000800394
0.091316126,0.000800394
0.091316126,0.000800394
0.091316126,0.000800394
0.091316126,0.000800394
0.091316126,0.000800394
0.091316126,0.000800394
0.091316126,0.000800394
0.091316126,0.000800394
0.091316126,0.000800394
0.091316126,0.000800394
0.091316126,0.000800394
0.091316126,0.000800394
0.165775865,-0.0000829
0.16764839,-0.0000913
0.169461548,-0.0000992
0.171822861,-0.000105599
0.173667565,-0.000112423
0.175780773,-0.000118327
0.177430838,-0.00012369
0.179798976,-0.000129018
0.181600094,-0.000133943
0.183902249,-0.0001376
0.185549945,-0.000142267
0.187962905,-0.000145373
0.189879984,-0.000148516
0.191681206,-0.000151448
0.193544999,-0.000153671
0.19574827,-0.000155678
0.197884828,-0.000157607
0.199464604,-0.000159045